Workbook
Name Slicer_1817_BOQ_Summary: #N/A
Name Slicer_1817_BOQ_Summary1: #N/A
Name Slicer_1817_BOQ_Summary11: #N/A
Name Slicer_1817_BOQ_Summary2: #N/A
Name Slicer_1817_Zone: #N/A
Name Slicer_1817_Zone1: #N/A
Name Slicer_1817_Zone11: #N/A
Name Slicer_MonthID: #N/A
Name Slicer_ResourceID1: #N/A
Name Slicer_Week_ID1: #N/A
Name Slicer_WeekID1: #N/A

Sheet Weekly Detailed EVM Hrs
A1: ='Weekly Cost Summary'!A1 -> Project Name | I1: ='Weekly Cost Summary'!N1 -> Data Date: | K1: ='Weekly Cost Summary'!P1 -> 44192
A2: ='Weekly Cost Summary'!A2 -> Location | I2: ='Weekly Cost Summary'!N2 -> Current Week | K2: ='Weekly Cost Summary'!P2 -> 48
I3: ='Weekly Cost Summary'!N3 -> Total Weeks | K3: ='Weekly Cost Summary'!P3 -> 114
A5: 1817-Zone | B5: 1817-BOQ Summary | C5: Activity ID | D5: Activity Name | E5: Budget hrs | F5: Planned Hrs | G5: Earned Hrs | H5: Planned Hrs % Compl. | I5: Planned Weightage % | J5: Actual Weightage % | K5: Actual Hrs % Complete | L5: Hours Productivity
A6: Z1 | B6: Div 01 | C6: PRL-MOB-1020 | D6: Site Office Establishment | E6: 162 | F6: 162 | G6: 124 | H6: =IFERROR(F6/E6,"") -> 1 | I6: =IF(F6/ActivitySum!$C$1300=0%,"",F6/ActivitySum!$C$1300) -> 1.8675707e-06 | J6: =IF(G6/ActivitySum!$C$1300=0%,"",G6/ActivitySum!$C$1300) -> 1.4294985e-06 | K6: =IFERROR(G6/E6,"") -> 0.7654321 | L6: =IFERROR(G6/F6,"") -> 0.7654321
C7: PRL-MOB-1050 | D7: Project Sign Boards and Hoarding | E7: 162 | F7: 162 | G7: 124 | H7: =IFERROR(F7/E7,"") -> 1 | I7: =IF(F7/ActivitySum!$C$1300=0%,"",F7/ActivitySum!$C$1300) -> 1.8675707e-06 | J7: =IF(G7/ActivitySum!$C$1300=0%,"",G7/ActivitySum!$C$1300) -> 1.4294985e-06 | K7: =IFERROR(G7/E7,"") -> 0.7654321 | L7: =IFERROR(G7/F7,"") -> 0.7654321
C8: PRL-MOB-1100 | D8: Yards & Stores Establishment | E8: 190 | F8: 190 | G8: 145 | H8: =IFERROR(F8/E8,"") -> 1 | I8: =IF(F8/ActivitySum!$C$1300=0%,"",F8/ActivitySum!$C$1300) -> 2.1903606e-06 | J8: =IF(G8/ActivitySum!$C$1300=0%,"",G8/ActivitySum!$C$1300) -> 1.671591e-06 | K8: =IFERROR(G8/E8,"") -> 0.76315789 | L8: =IFERROR(G8/F8,"") -> 0.76315789
B9: Div 02 | C9: C-EW-10370 | D9: Excavation Stage 1 - Z1 | E9: 2271 | F9: 2271 | G9: 1249 | H9: =IFERROR(F9/E9,"") -> 1 | I9: =IF(F9/ActivitySum!$C$1300=0%,"",F9/ActivitySum!$C$1300) -> 2.6180574e-05 | J9: =IF(G9/ActivitySum!$C$1300=0%,"",G9/ActivitySum!$C$1300) -> 1.4398739e-05 | K9: =IFERROR(G9/E9,"") -> 0.54997798 | L9: =IFERROR(G9/F9,"") -> 0.54997798
C10: C-EW-10390 | D10: Excavation Stage 2 - Z1 | E10: 2272 | F10: 2272 | G10: 1250 | H10: =IFERROR(F10/E10,"") -> 1 | I10: =IF(F10/ActivitySum!$C$1300=0%,"",F10/ActivitySum!$C$1300) -> 2.6192102e-05 | J10: =IF(G10/ActivitySum!$C$1300=0%,"",G10/ActivitySum!$C$1300) -> 1.4410267e-05 | K10: =IFERROR(G10/E10,"") -> 0.55017606 | L10: =IFERROR(G10/F10,"") -> 0.55017606
C11: C-EW-10450 | D11: Waterproof Membrane on Gunite Wall - Z1-B1 | E11: 200 | F11: 200 | H11: =IFERROR(F11/E11,"") -> 1 | I11: =IF(F11/ActivitySum!$C$1300=0%,"",F11/ActivitySum!$C$1300) -> 2.3056428e-06 | J11: =IF(G11/ActivitySum!$C$1300=0%,"",G11/ActivitySum!$C$1300) | K11: =IFERROR(G11/E11,"") -> 0 | L11: =IFERROR(G11/F11,"") -> 0
C12: C-EW-2430 | D12: Waterproof Membrane on Gunite Wall - Z1-B2 | E12: 200 | F12: 200 | H12: =IFERROR(F12/E12,"") -> 1 | I12: =IF(F12/ActivitySum!$C$1300=0%,"",F12/ActivitySum!$C$1300) -> 2.3056428e-06 | J12: =IF(G12/ActivitySum!$C$1300=0%,"",G12/ActivitySum!$C$1300) | K12: =IFERROR(G12/E12,"") -> 0 | L12: =IFERROR(G12/F12,"") -> 0
C13: C-SHRNG-DCE-C-2330 | D13: Place Guide Wall - Z1 | E13: 249 | F13: 249 | G13: 274 | H13: =IFERROR(F13/E13,"") -> 1 | I13: =IF(F13/ActivitySum!$C$1300=0%,"",F13/ActivitySum!$C$1300) -> 2.8705253e-06 | J13: =IF(G13/ActivitySum!$C$1300=0%,"",G13/ActivitySum!$C$1300) -> 3.1587306e-06 | K13: =IFERROR(G13/E13,"") -> 1.1004016 | L13: =IFERROR(G13/F13,"") -> 1.1004016
C14: C-SHRNG-DCE-C-2350 | D14: Install Capping Beam - Z1 | E14: 2461 | F14: 2461 | G14: 1353 | H14: =IFERROR(F14/E14,"") -> 1 | I14: =IF(F14/ActivitySum!$C$1300=0%,"",F14/ActivitySum!$C$1300) -> 2.8370934e-05 | J14: =IF(G14/ActivitySum!$C$1300=0%,"",G14/ActivitySum!$C$1300) -> 1.5597673e-05 | K14: =IFERROR(G14/E14,"") -> 0.54977651 | L14: =IFERROR(G14/F14,"") -> 0.54977651
C15: PRL-MOB-SCW-2330 | D15: Clearing Existing Utilities | E15: 495 | F15: 495 | G15: 272 | H15: =IFERROR(F15/E15,"") -> 1 | I15: =IF(F15/ActivitySum!$C$1300=0%,"",F15/ActivitySum!$C$1300) -> 5.7064659e-06 | J15: =IF(G15/ActivitySum!$C$1300=0%,"",G15/ActivitySum!$C$1300) -> 3.1356742e-06 | K15: =IFERROR(G15/E15,"") -> 0.54949495 | L15: =IFERROR(G15/F15,"") -> 0.54949495
B16: Div 03 | C16: C-EW-2420 | D16: Gunite Wall - Z1 | E16: 333 | F16: 333 | G16: 283 | H16: =IFERROR(F16/E16,"") -> 1 | I16: =IF(F16/ActivitySum!$C$1300=0%,"",F16/ActivitySum!$C$1300) -> 3.8388952e-06 | J16: =IF(G16/ActivitySum!$C$1300=0%,"",G16/ActivitySum!$C$1300) -> 3.2624845e-06 | K16: =IFERROR(G16/E16,"") -> 0.84984985 | L16: =IFERROR(G16/F16,"") -> 0.84984985
C17: Z1-C-CON-2400 | D17: PCC Blind Concrete - Z1 - Lift Pit | E17: 6 | F17: 6 | G17: 5 | H17: =IFERROR(F17/E17,"") -> 1 | I17: =IF(F17/ActivitySum!$C$1300=0%,"",F17/ActivitySum!$C$1300) -> 6.9169284e-08 | J17: =IF(G17/ActivitySum!$C$1300=0%,"",G17/ActivitySum!$C$1300) -> 5.764107e-08 | K17: =IFERROR(G17/E17,"") -> 0.83333333 | L17: =IFERROR(G17/F17,"") -> 0.83333333
C18: Z1-C-CON-2440 | D18: Waterproof Membrane - Z1 - Lift Pit | E18: 40 | F18: 40 | G18: 34 | H18: =IFERROR(F18/E18,"") -> 1 | I18: =IF(F18/ActivitySum!$C$1300=0%,"",F18/ActivitySum!$C$1300) -> 4.6112856e-07 | J18: =IF(G18/ActivitySum!$C$1300=0%,"",G18/ActivitySum!$C$1300) -> 3.9195927e-07 | K18: =IFERROR(G18/E18,"") -> 0.85 | L18: =IFERROR(G18/F18,"") -> 0.85
C19: Z1-C-CON-2450 | D19: Protection Screed - Z1 - Lift Pit | E19: 24 | F19: 24 | G19: 20 | H19: =IFERROR(F19/E19,"") -> 1 | I19: =IF(F19/ActivitySum!$C$1300=0%,"",F19/ActivitySum!$C$1300) -> 2.7667713e-07 | J19: =IF(G19/ActivitySum!$C$1300=0%,"",G19/ActivitySum!$C$1300) -> 2.3056428e-07 | K19: =IFERROR(G19/E19,"") -> 0.83333333 | L19: =IFERROR(G19/F19,"") -> 0.83333333
C20: Z1-C-CON-2460 | D20: Fix Rebar - Z1 - Lift Pit | E20: 497 | F20: 497 | G20: 422 | H20: =IFERROR(F20/E20,"") -> 1 | I20: =IF(F20/ActivitySum!$C$1300=0%,"",F20/ActivitySum!$C$1300) -> 5.7295223e-06 | J20: =IF(G20/ActivitySum!$C$1300=0%,"",G20/ActivitySum!$C$1300) -> 4.8649063e-06 | K20: =IFERROR(G20/E20,"") -> 0.84909457 | L20: =IFERROR(G20/F20,"") -> 0.84909457
C21: Z1-C-CON-2480 | D21: Pour Concrete - Z1 - Lift Pit | E21: 95 | F21: 95 | G21: 81 | H21: =IFERROR(F21/E21,"") -> 1 | I21: =IF(F21/ActivitySum!$C$1300=0%,"",F21/ActivitySum!$C$1300) -> 1.0951803e-06 | J21: =IF(G21/ActivitySum!$C$1300=0%,"",G21/ActivitySum!$C$1300) -> 9.3378533e-07 | K21: =IFERROR(G21/E21,"") -> 0.85263158 | L21: =IFERROR(G21/F21,"") -> 0.85263158
C22: Z1-C-CON-2500 | D22: PCC Blind Concrete - Z1 - Raft | E22: 196 | F22: 196 | G22: 167 | H22: =IFERROR(F22/E22,"") -> 1 | I22: =IF(F22/ActivitySum!$C$1300=0%,"",F22/ActivitySum!$C$1300) -> 2.2595299e-06 | J22: =IF(G22/ActivitySum!$C$1300=0%,"",G22/ActivitySum!$C$1300) -> 1.9252117e-06 | K22: =IFERROR(G22/E22,"") -> 0.85204082 | L22: =IFERROR(G22/F22,"") -> 0.85204082
C23: Z1-C-CON-2510 | D23: Waterproof Membrane - Z1 - Raft | E23: 1560 | F23: 1560 | G23: 1326 | H23: =IFERROR(F23/E23,"") -> 1 | I23: =IF(F23/ActivitySum!$C$1300=0%,"",F23/ActivitySum!$C$1300) -> 1.7984014e-05 | J23: =IF(G23/ActivitySum!$C$1300=0%,"",G23/ActivitySum!$C$1300) -> 1.5286412e-05 | K23: =IFERROR(G23/E23,"") -> 0.85 | L23: =IFERROR(G23/F23,"") -> 0.85
C24: Z1-C-CON-2520 | D24: Protection Screed - Z1 - Raft | E24: 96 | F24: 96 | G24: 3 | H24: =IFERROR(F24/E24,"") -> 1 | I24: =IF(F24/ActivitySum!$C$1300=0%,"",F24/ActivitySum!$C$1300) -> 1.1067085e-06 | J24: =IF(G24/ActivitySum!$C$1300=0%,"",G24/ActivitySum!$C$1300) -> 3.4584642e-08 | K24: =IFERROR(G24/E24,"") -> 0.03125 | L24: =IFERROR(G24/F24,"") -> 0.03125
C25: Z1-C-CON-2530 | D25: Fix Rebar - Z1 - Raft | E25: 18159 | F25: 18159 | G25: 182 | H25: =IFERROR(F25/E25,"") -> 1 | I25: =IF(F25/ActivitySum!$C$1300=0%,"",F25/ActivitySum!$C$1300) -> 0.00020934084 | J25: =IF(G25/ActivitySum!$C$1300=0%,"",G25/ActivitySum!$C$1300) -> 2.0981349e-06 | K25: =IFERROR(G25/E25,"") -> 0.010022578 | L25: =IFERROR(G25/F25,"") -> 0.010022578
C26: Z1-C-CON-2550 | D26: Fix Formwork - Z1 - Raft | E26: 261 | F26: 261 | G26: 55 | H26: =IFERROR(F26/E26,"") -> 1 | I26: =IF(F26/ActivitySum!$C$1300=0%,"",F26/ActivitySum!$C$1300) -> 3.0088638e-06 | J26: =IF(G26/ActivitySum!$C$1300=0%,"",G26/ActivitySum!$C$1300) -> 6.3405177e-07 | K26: =IFERROR(G26/E26,"") -> 0.21072797 | L26: =IFERROR(G26/F26,"") -> 0.21072797
C27: Z1-C-CON-2560 | D27: Pour Concrete - Z1 - Raft | E27: 4422 | F27: 4422 | G27: 940 | H27: =IFERROR(F27/E27,"") -> 1 | I27: =IF(F27/ActivitySum!$C$1300=0%,"",F27/ActivitySum!$C$1300) -> 5.0977762e-05 | J27: =IF(G27/ActivitySum!$C$1300=0%,"",G27/ActivitySum!$C$1300) -> 1.0836521e-05 | K27: =IFERROR(G27/E27,"") -> 0.2125735 | L27: =IFERROR(G27/F27,"") -> 0.2125735
C28: Z1-C-CON-2570 | D28: Fix Rebar Core Walls - Z1 - B2 | E28: 1609 | F28: 1609 | G28: 342 | H28: =IFERROR(F28/E28,"") -> 1 | I28: =IF(F28/ActivitySum!$C$1300=0%,"",F28/ActivitySum!$C$1300) -> 1.8548896e-05 | J28: =IF(G28/ActivitySum!$C$1300=0%,"",G28/ActivitySum!$C$1300) -> 3.9426492e-06 | K28: =IFERROR(G28/E28,"") -> 0.21255438 | L28: =IFERROR(G28/F28,"") -> 0.21255438
... C74: Z1-C-CON-5950 | D74: Pour Concrete Core Walls Ramp - Z1 - B1 | E74: 152 | F74: 152 | G74: 129 | H74: =IFERROR(F74/E74,"") -> 1 | I74: =IF(F74/ActivitySum!$C$1300=0%,"",F74/ActivitySum!$C$1300) -> 1.7522885e-06 | J74: =IF(G74/ActivitySum!$C$1300=0%,"",G74/ActivitySum!$C$1300) -> 1.4871396e-06 | K74: =IFERROR(G74/E74,"") -> 0.84868421 | L74: =IFERROR(G74/F74,"") -> 0.84868421
B75: Div 04 | C75: Z1-C-FIN-5790 | D75: Masonry Works - Z1 - B2 | E75: 38 | F75: 38 | G75: 2 | H75: =IFERROR(F75/E75,"") -> 1 | I75: =IF(F75/ActivitySum!$C$1300=0%,"",F75/ActivitySum!$C$1300) -> 4.3807213e-07 | J75: =IF(G75/ActivitySum!$C$1300=0%,"",G75/ActivitySum!$C$1300) -> 2.3056428e-08 | K75: =IFERROR(G75/E75,"") -> 0.052631579 | L75: =IFERROR(G75/F75,"") -> 0.052631579
B76: Div 10 | C76: Z1-C-CON-2540 | D76: Fix MEP Provisions - Z1 - Raft | E76: 100 | F76: 100 | G76: 21 | H76: =IFERROR(F76/E76,"") -> 1 | I76: =IF(F76/ActivitySum!$C$1300=0%,"",F76/ActivitySum!$C$1300) -> 1.1528214e-06 | J76: =IF(G76/ActivitySum!$C$1300=0%,"",G76/ActivitySum!$C$1300) -> 2.4209249e-07 | K76: =IFERROR(G76/E76,"") -> 0.21 | L76: =IFERROR(G76/F76,"") -> 0.21
B77: Div 15 | C77: Z1-C-MEP-5810 | D77: Fix G.I Box and conduits - Z1 - B2 | E77: 50 | F77: 29 | G77: 26 | H77: =IFERROR(F77/E77,"") -> 0.58 | I77: =IF(F77/ActivitySum!$C$1300=0%,"",F77/ActivitySum!$C$1300) -> 3.343182e-07 | J77: =IF(G77/ActivitySum!$C$1300=0%,"",G77/ActivitySum!$C$1300) -> 2.9973356e-07 | K77: =IFERROR(G77/E77,"") -> 0.52 | L77: =IFERROR(G77/F77,"") -> 0.89655172
A78: Z2 | B78: Div 02 | C78: C-EW-10400 | D78: Excavation Stage 2 - Z2&3 | E78: 3408 | F78: 3408 | G78: 2207 | H78: =IFERROR(F78/E78,"") -> 1 | I78: =IF(F78/ActivitySum!$C$1300=0%,"",F78/ActivitySum!$C$1300) -> 3.9288153e-05 | J78: =IF(G78/ActivitySum!$C$1300=0%,"",G78/ActivitySum!$C$1300) -> 2.5442768e-05 | K78: =IFERROR(G78/E78,"") -> 0.6475939 | L78: =IFERROR(G78/F78,"") -> 0.6475939
C79: C-EW-10440 | D79: Excavation Stage 1 - Z2&3 | E79: 3409 | F79: 3409 | G79: 2082 | H79: =IFERROR(F79/E79,"") -> 1 | I79: =IF(F79/ActivitySum!$C$1300=0%,"",F79/ActivitySum!$C$1300) -> 3.9299681e-05 | J79: =IF(G79/ActivitySum!$C$1300=0%,"",G79/ActivitySum!$C$1300) -> 2.4001741e-05 | K79: =IFERROR(G79/E79,"") -> 0.61073629 | L79: =IFERROR(G79/F79,"") -> 0.61073629
C80: C-EW-10460 | D80: Waterproof Membrane on Gunite Wall - Z2-B1 | E80: 200 | F80: 200 | H80: =IFERROR(F80/E80,"") -> 1 | I80: =IF(F80/ActivitySum!$C$1300=0%,"",F80/ActivitySum!$C$1300) -> 2.3056428e-06 | J80: =IF(G80/ActivitySum!$C$1300=0%,"",G80/ActivitySum!$C$1300) | K80: =IFERROR(G80/E80,"") -> 0 | L80: =IFERROR(G80/F80,"") -> 0
C81: C-EW-10480 | D81: Gunite Wall - Z3 | E81: 333 | F81: 333 | H81: =IFERROR(F81/E81,"") -> 1 | I81: =IF(F81/ActivitySum!$C$1300=0%,"",F81/ActivitySum!$C$1300) -> 3.8388952e-06 | J81: =IF(G81/ActivitySum!$C$1300=0%,"",G81/ActivitySum!$C$1300) | K81: =IFERROR(G81/E81,"") -> 0 | L81: =IFERROR(G81/F81,"") -> 0
C82: C-SHRNG-DCE-C-2360 | D82: Place Guide Wall - Z2&3 | E82: 249 | F82: 249 | G82: 274 | H82: =IFERROR(F82/E82,"") -> 1 | I82: =IF(F82/ActivitySum!$C$1300=0%,"",F82/ActivitySum!$C$1300) -> 2.8705253e-06 | J82: =IF(G82/ActivitySum!$C$1300=0%,"",G82/ActivitySum!$C$1300) -> 3.1587306e-06 | K82: =IFERROR(G82/E82,"") -> 1.1004016 | L82: =IFERROR(G82/F82,"") -> 1.1004016
C83: C-SHRNG-DCE-C-2380 | D83: Install Capping Beam - Z2&3 | E83: 3692 | F83: 3692 | G83: 4062 | H83: =IFERROR(F83/E83,"") -> 1 | I83: =IF(F83/ActivitySum!$C$1300=0%,"",F83/ActivitySum!$C$1300) -> 4.2562166e-05 | J83: =IF(G83/ActivitySum!$C$1300=0%,"",G83/ActivitySum!$C$1300) -> 4.6827605e-05 | K83: =IFERROR(G83/E83,"") -> 1.1002167 | L83: =IFERROR(G83/F83,"") -> 1.1002167
C84: Z2-C-EW-10420 | D84: Waterproof Membrane on Gunite Wall - Z2-B2 | E84: 200 | F84: 200 | H84: =IFERROR(F84/E84,"") -> 1 | I84: =IF(F84/ActivitySum!$C$1300=0%,"",F84/ActivitySum!$C$1300) -> 2.3056428e-06 | J84: =IF(G84/ActivitySum!$C$1300=0%,"",G84/ActivitySum!$C$1300) | K84: =IFERROR(G84/E84,"") -> 0 | L84: =IFERROR(G84/F84,"") -> 0
B85: Div 03 | C85: C-EW-10410 | D85: Gunite Wall - Z2 | E85: 333 | F85: 333 | G85: 3 | H85: =IFERROR(F85/E85,"") -> 1 | I85: =IF(F85/ActivitySum!$C$1300=0%,"",F85/ActivitySum!$C$1300) -> 3.8388952e-06 | J85: =IF(G85/ActivitySum!$C$1300=0%,"",G85/ActivitySum!$C$1300) -> 3.4584642e-08 | K85: =IFERROR(G85/E85,"") -> 0.009009009 | L85: =IFERROR(G85/F85,"") -> 0.009009009
C86: Z2-C-CON-5840 | D86: PCC Blind Concrete - Z2 - Lift Pit | E86: 4 | F86: 4 | G86: 0 | H86: =IFERROR(F86/E86,"") -> 1 | I86: =IF(F86/ActivitySum!$C$1300=0%,"",F86/ActivitySum!$C$1300) -> 4.6112856e-08 | J86: =IF(G86/ActivitySum!$C$1300=0%,"",G86/ActivitySum!$C$1300) | K86: =IFERROR(G86/E86,"") -> 0 | L86: =IFERROR(G86/F86,"") -> 0
C87: Z2-C-CON-5850 | D87: Waterproof Membrane - Z2 - Lift Pit | E87: 20 | F87: 20 | G87: 0 | H87: =IFERROR(F87/E87,"") -> 1 | I87: =IF(F87/ActivitySum!$C$1300=0%,"",F87/ActivitySum!$C$1300) -> 2.3056428e-07 | J87: =IF(G87/ActivitySum!$C$1300=0%,"",G87/ActivitySum!$C$1300) | K87: =IFERROR(G87/E87,"") -> 0 | L87: =IFERROR(G87/F87,"") -> 0
C88: Z2-C-CON-5860 | D88: Protection Screed - Z2 - Lift Pit | E88: 26 | F88: 26 | G88: 0 | H88: =IFERROR(F88/E88,"") -> 1 | I88: =IF(F88/ActivitySum!$C$1300=0%,"",F88/ActivitySum!$C$1300) -> 2.9973356e-07 | J88: =IF(G88/ActivitySum!$C$1300=0%,"",G88/ActivitySum!$C$1300) | K88: =IFERROR(G88/E88,"") -> 0 | L88: =IFERROR(G88/F88,"") -> 0
C89: Z2-C-CON-5870 | D89: Fix Rebar - Z2 - Lift Pit | E89: 249 | F89: 249 | G89: 5 | H89: =IFERROR(F89/E89,"") -> 1 | I89: =IF(F89/ActivitySum!$C$1300=0%,"",F89/ActivitySum!$C$1300) -> 2.8705253e-06 | J89: =IF(G89/ActivitySum!$C$1300=0%,"",G89/ActivitySum!$C$1300) -> 5.764107e-08 | K89: =IFERROR(G89/E89,"") -> 0.020080321 | L89: =IFERROR(G89/F89,"") -> 0.020080321
C90: Z2-C-CON-5890 | D90: Pour Concrete - Z2 - Lift Pit | E90: 72 | F90: 72 | G90: 15 | H90: =IFERROR(F90/E90,"") -> 1 | I90: =IF(F90/ActivitySum!$C$1300=0%,"",F90/ActivitySum!$C$1300) -> 8.300314e-07 | J90: =IF(G90/ActivitySum!$C$1300=0%,"",G90/ActivitySum!$C$1300) -> 1.7292321e-07 | K90: =IFERROR(G90/E90,"") -> 0.20833333 | L90: =IFERROR(G90/F90,"") -> 0.20833333
C91: Z2-C-CON-5900 | D91: PCC Blind Concrete - Z2 - Raft | E91: 148 | F91: 148 | G91: 31 | H91: =IFERROR(F91/E91,"") -> 1 | I91: =IF(F91/ActivitySum!$C$1300=0%,"",F91/ActivitySum!$C$1300) -> 1.7061757e-06 | J91: =IF(G91/ActivitySum!$C$1300=0%,"",G91/ActivitySum!$C$1300) -> 3.5737463e-07 | K91: =IFERROR(G91/E91,"") -> 0.20945946 | L91: =IFERROR(G91/F91,"") -> 0.20945946
C92: Z2-C-CON-5910 | D92: Waterproof Membrane - Z2 - Raft | E92: 1180 | F92: 1180 | G92: 251 | H92: =IFERROR(F92/E92,"") -> 1 | I92: =IF(F92/ActivitySum!$C$1300=0%,"",F92/ActivitySum!$C$1300) -> 1.3603292e-05 | J92: =IF(G92/ActivitySum!$C$1300=0%,"",G92/ActivitySum!$C$1300) -> 2.8935817e-06 | K92: =IFERROR(G92/E92,"") -> 0.21271186 | L92: =IFERROR(G92/F92,"") -> 0.21271186
C93: Z2-C-CON-5920 | D93: Protection Screed - Z2 - Raft | E93: 72 | F93: 72 | G93: 15 | H93: =IFERROR(F93/E93,"") -> 1 | I93: =IF(F93/ActivitySum!$C$1300=0%,"",F93/ActivitySum!$C$1300) -> 8.300314e-07 | J93: =IF(G93/ActivitySum!$C$1300=0%,"",G93/ActivitySum!$C$1300) -> 1.7292321e-07 | K93: =IFERROR(G93/E93,"") -> 0.20833333 | L93: =IFERROR(G93/F93,"") -> 0.20833333
C94: Z2-C-CON-5930 | D94: Fix Rebar - Z2 - Raft | E94: 13737 | F94: 13737 | G94: 11676 | H94: =IFERROR(F94/E94,"") -> 1 | I94: =IF(F94/ActivitySum!$C$1300=0%,"",F94/ActivitySum!$C$1300) -> 0.00015836307 | J94: =IF(G94/ActivitySum!$C$1300=0%,"",G94/ActivitySum!$C$1300) -> 0.00013460343 | K94: =IFERROR(G94/E94,"") -> 0.84996724 | L94: =IFERROR(G94/F94,"") -> 0.84996724
C95: Z2-C-CON-5950 | D95: Fix Formwork - Z2 - Raft | E95: 196 | F95: 196 | G95: 167 | H95: =IFERROR(F95/E95,"") -> 1 | I95: =IF(F95/ActivitySum!$C$1300=0%,"",F95/ActivitySum!$C$1300) -> 2.2595299e-06 | J95: =IF(G95/ActivitySum!$C$1300=0%,"",G95/ActivitySum!$C$1300) -> 1.9252117e-06 | K95: =IFERROR(G95/E95,"") -> 0.85204082 | L95: =IFERROR(G95/F95,"") -> 0.85204082
C96: Z2-C-CON-5960 | D96: Pour Concrete - Z2 - Raft | E96: 3317 | F96: 3317 | G96: 2819 | H96: =IFERROR(F96/E96,"") -> 1 | I96: =IF(F96/ActivitySum!$C$1300=0%,"",F96/ActivitySum!$C$1300) -> 3.8239086e-05 | J96: =IF(G96/ActivitySum!$C$1300=0%,"",G96/ActivitySum!$C$1300) -> 3.2498035e-05 | K96: =IFERROR(G96/E96,"") -> 0.84986434 | L96: =IFERROR(G96/F96,"") -> 0.84986434
C97: Z2-C-CON-5970 | D97: Fix Rebar Columns - Z2 - B2 | E97: 2266 | F97: 2266 | G97: 1926 | H97: =IFERROR(F97/E97,"") -> 1 | I97: =IF(F97/ActivitySum!$C$1300=0%,"",F97/ActivitySum!$C$1300) -> 2.6122933e-05 | J97: =IF(G97/ActivitySum!$C$1300=0%,"",G97/ActivitySum!$C$1300) -> 2.220334e-05 | K97: =IFERROR(G97/E97,"") -> 0.84995587 | L97: =IFERROR(G97/F97,"") -> 0.84995587
... C122: Z2-C-CON-6350 | D122: Fix Rebar Slabs - Z2 - GF | E122: 7049 | F122: 4934 | G122: 3718 | H122: =IFERROR(F122/E122,"") -> 0.69995744 | I122: =IF(F122/ActivitySum!$C$1300=0%,"",F122/ActivitySum!$C$1300) -> 5.6880208e-05 | J122: =IF(G122/ActivitySum!$C$1300=0%,"",G122/ActivitySum!$C$1300) -> 4.2861899e-05 | K122: =IFERROR(G122/E122,"") -> 0.5274507 | L122: =IFERROR(G122/F122,"") -> 0.75354682
B123: Div 10 | C123: Z2-C-CON-5940 | D123: Fix MEP Provisions - Z2 - Raft | E123: 100 | F123: 100 | G123: 85 | H123: =IFERROR(F123/E123,"") -> 1 | I123: =IF(F123/ActivitySum!$C$1300=0%,"",F123/ActivitySum!$C$1300) -> 1.1528214e-06 | J123: =IF(G123/ActivitySum!$C$1300=0%,"",G123/ActivitySum!$C$1300) -> 9.7989818e-07 | K123: =IFERROR(G123/E123,"") -> 0.85 | L123: =IFERROR(G123/F123,"") -> 0.85
A124: Z3 | B124: Div 02 | C124: C-EW-10490 | D124: Waterproof Membrane on Gunite Wall - Z3-B2 | E124: 200 | F124: 200 | H124: =IFERROR(F124/E124,"") -> 1 | I124: =IF(F124/ActivitySum!$C$1300=0%,"",F124/ActivitySum!$C$1300) -> 2.3056428e-06 | J124: =IF(G124/ActivitySum!$C$1300=0%,"",G124/ActivitySum!$C$1300) | K124: =IFERROR(G124/E124,"") -> 0 | L124: =IFERROR(G124/F124,"") -> 0
C125: C-EW-10520 | D125: Waterproof Membrane on Gunite Wall - Z3-B1 | E125: 200 | F125: 200 | H125: =IFERROR(F125/E125,"") -> 1 | I125: =IF(F125/ActivitySum!$C$1300=0%,"",F125/ActivitySum!$C$1300) -> 2.3056428e-06 | J125: =IF(G125/ActivitySum!$C$1300=0%,"",G125/ActivitySum!$C$1300) | K125: =IFERROR(G125/E125,"") -> 0 | L125: =IFERROR(G125/F125,"") -> 0
B126: Div 03 | C126: Z3-C-CON-5840 | D126: PCC Blind Concrete - Z3 - Lift Pit | E126: 4 | F126: 4 | G126: 0 | H126: =IFERROR(F126/E126,"") -> 1 | I126: =IF(F126/ActivitySum!$C$1300=0%,"",F126/ActivitySum!$C$1300) -> 4.6112856e-08 | J126: =IF(G126/ActivitySum!$C$1300=0%,"",G126/ActivitySum!$C$1300) | K126: =IFERROR(G126/E126,"") -> 0 | L126: =IFERROR(G126/F126,"") -> 0
C127: Z3-C-CON-5860 | D127: Protection Screed - Z3 - Lift Pit | E127: 26 | F127: 26 | G127: 0 | H127: =IFERROR(F127/E127,"") -> 1 | I127: =IF(F127/ActivitySum!$C$1300=0%,"",F127/ActivitySum!$C$1300) -> 2.9973356e-07 | J127: =IF(G127/ActivitySum!$C$1300=0%,"",G127/ActivitySum!$C$1300) | K127: =IFERROR(G127/E127,"") -> 0 | L127: =IFERROR(G127/F127,"") -> 0
C128: Z3-C-CON-5870 | D128: Fix Rebar - Z3 - Lift Pit | E128: 248 | F128: 248 | G128: 2 | H128: =IFERROR(F128/E128,"") -> 1 | I128: =IF(F128/ActivitySum!$C$1300=0%,"",F128/ActivitySum!$C$1300) -> 2.8589971e-06 | J128: =IF(G128/ActivitySum!$C$1300=0%,"",G128/ActivitySum!$C$1300) -> 2.3056428e-08 | K128: =IFERROR(G128/E128,"") -> 0.0080645161 | L128: =IFERROR(G128/F128,"") -> 0.0080645161
C129: Z3-C-CON-5890 | D129: Pour Concrete - Z3 - Lift Pit | E129: 72 | F129: 72 | G129: 15 | H129: =IFERROR(F129/E129,"") -> 1 | I129: =IF(F129/ActivitySum!$C$1300=0%,"",F129/ActivitySum!$C$1300) -> 8.300314e-07 | J129: =IF(G129/ActivitySum!$C$1300=0%,"",G129/ActivitySum!$C$1300) -> 1.7292321e-07 | K129: =IFERROR(G129/E129,"") -> 0.20833333 | L129: =IFERROR(G129/F129,"") -> 0.20833333
C130: Z3-C-CON-5900 | D130: PCC Blind Concrete - Z3 - Raft | E130: 148 | F130: 148 | G130: 126 | H130: =IFERROR(F130/E130,"") -> 1 | I130: =IF(F130/ActivitySum!$C$1300=0%,"",F130/ActivitySum!$C$1300) -> 1.7061757e-06 | J130: =IF(G130/ActivitySum!$C$1300=0%,"",G130/ActivitySum!$C$1300) -> 1.452555e-06 | K130: =IFERROR(G130/E130,"") -> 0.85135135 | L130: =IFERROR(G130/F130,"") -> 0.85135135
C131: Z3-C-CON-5920 | D131: Protection Screed - Z3 - Raft | E131: 74 | F131: 74 | G131: 63 | H131: =IFERROR(F131/E131,"") -> 1 | I131: =IF(F131/ActivitySum!$C$1300=0%,"",F131/ActivitySum!$C$1300) -> 8.5308783e-07 | J131: =IF(G131/ActivitySum!$C$1300=0%,"",G131/ActivitySum!$C$1300) -> 7.2627748e-07 | K131: =IFERROR(G131/E131,"") -> 0.85135135 | L131: =IFERROR(G131/F131,"") -> 0.85135135
C132: Z3-C-CON-5930 | D132: Fix Rebar - Z3 - Raft | E132: 13737 | F132: 13737 | G132: 11676 | H132: =IFERROR(F132/E132,"") -> 1 | I132: =IF(F132/ActivitySum!$C$1300=0%,"",F132/ActivitySum!$C$1300) -> 0.00015836307 | J132: =IF(G132/ActivitySum!$C$1300=0%,"",G132/ActivitySum!$C$1300) -> 0.00013460343 | K132: =IFERROR(G132/E132,"") -> 0.84996724 | L132: =IFERROR(G132/F132,"") -> 0.84996724
C133: Z3-C-CON-5950 | D133: Fix Formwork - Z3 - Raft | E133: 196 | F133: 196 | G133: 167 | H133: =IFERROR(F133/E133,"") -> 1 | I133: =IF(F133/ActivitySum!$C$1300=0%,"",F133/ActivitySum!$C$1300) -> 2.2595299e-06 | J133: =IF(G133/ActivitySum!$C$1300=0%,"",G133/ActivitySum!$C$1300) -> 1.9252117e-06 | K133: =IFERROR(G133/E133,"") -> 0.85204082 | L133: =IFERROR(G133/F133,"") -> 0.85204082
C134: Z3-C-CON-5960 | D134: Pour Concrete - Z3 - Raft | E134: 3317 | F134: 3317 | G134: 2819 | H134: =IFERROR(F134/E134,"") -> 1 | I134: =IF(F134/ActivitySum!$C$1300=0%,"",F134/ActivitySum!$C$1300) -> 3.8239086e-05 | J134: =IF(G134/ActivitySum!$C$1300=0%,"",G134/ActivitySum!$C$1300) -> 3.2498035e-05 | K134: =IFERROR(G134/E134,"") -> 0.84986434 | L134: =IFERROR(G134/F134,"") -> 0.84986434
C135: Z3-C-CON-5970 | D135: Fix Rebar Columns - Z3 - B2 | E135: 2265 | F135: 2265 | G135: 1925 | H135: =IFERROR(F135/E135,"") -> 1 | I135: =IF(F135/ActivitySum!$C$1300=0%,"",F135/ActivitySum!$C$1300) -> 2.6111405e-05 | J135: =IF(G135/ActivitySum!$C$1300=0%,"",G135/ActivitySum!$C$1300) -> 2.2191812e-05 | K135: =IFERROR(G135/E135,"") -> 0.84988962 | L135: =IFERROR(G135/F135,"") -> 0.84988962
C136: Z3-C-CON-5980 | D136: Fix Formwork Columns - Z3 - B2 | E136: 668 | F136: 668 | G136: 91 | H136: =IFERROR(F136/E136,"") -> 1 | I136: =IF(F136/ActivitySum!$C$1300=0%,"",F136/ActivitySum!$C$1300) -> 7.7008469e-06 | J136: =IF(G136/ActivitySum!$C$1300=0%,"",G136/ActivitySum!$C$1300) -> 1.0490675e-06 | K136: =IFERROR(G136/E136,"") -> 0.13622754 | L136: =IFERROR(G136/F136,"") -> 0.13622754
C137: Z3-C-CON-5990 | D137: Pour Concrete Columns - Z3 - B2 | E137: 132 | F137: 132 | G137: 18 | H137: =IFERROR(F137/E137,"") -> 1 | I137: =IF(F137/ActivitySum!$C$1300=0%,"",F137/ActivitySum!$C$1300) -> 1.5217242e-06 | J137: =IF(G137/ActivitySum!$C$1300=0%,"",G137/ActivitySum!$C$1300) -> 2.0750785e-07 | K137: =IFERROR(G137/E137,"") -> 0.13636364 | L137: =IFERROR(G137/F137,"") -> 0.13636364
C138: Z3-C-CON-6000 | D138: Fix Rebar Retaining Walls - Z3 - B2 | E138: 1433 | F138: 1433 | G138: 1218 | H138: =IFERROR(F138/E138,"") -> 1 | I138: =IF(F138/ActivitySum!$C$1300=0%,"",F138/ActivitySum!$C$1300) -> 1.6519931e-05 | J138: =IF(G138/ActivitySum!$C$1300=0%,"",G138/ActivitySum!$C$1300) -> 1.4041365e-05 | K138: =IFERROR(G138/E138,"") -> 0.84996511 | L138: =IFERROR(G138/F138,"") -> 0.84996511
... C159: Z3-C-CON-6340 | D159: Fix Formwork Slabs - Z3 - GF | E159: 2844 | F159: 1422 | G159: 1501 | H159: =IFERROR(F159/E159,"") -> 0.5 | I159: =IF(F159/ActivitySum!$C$1300=0%,"",F159/ActivitySum!$C$1300) -> 1.639312e-05 | J159: =IF(G159/ActivitySum!$C$1300=0%,"",G159/ActivitySum!$C$1300) -> 1.7303849e-05 | K159: =IFERROR(G159/E159,"") -> 0.52777778 | L159: =IFERROR(G159/F159,"") -> 1.0555556
B160: Div 10 | C160: Z3-C-CON-5940 | D160: Fix MEP Provisions - Z3 - Raft | E160: 100 | F160: 100 | G160: 85 | H160: =IFERROR(F160/E160,"") -> 1 | I160: =IF(F160/ActivitySum!$C$1300=0%,"",F160/ActivitySum!$C$1300) -> 1.1528214e-06 | J160: =IF(G160/ActivitySum!$C$1300=0%,"",G160/ActivitySum!$C$1300) -> 9.7989818e-07 | K160: =IFERROR(G160/E160,"") -> 0.85 | L160: =IFERROR(G160/F160,"") -> 0.85
A161: Grand Total | E161: 212819 | F161: 208305 | G161: 101795 | H161: =IFERROR(F161/E161,"") -> 0.97878949 | I161: =IF(F161/ActivitySum!$C$1300=0%,"",F161/ActivitySum!$C$1300) -> 0.0024013846 | J161: =IF(G161/ActivitySum!$C$1300=0%,"",G161/ActivitySum!$C$1300) -> 0.0011735145 | K161: =IFERROR(G161/E161,"") -> 0.47831726 | L161: =IFERROR(G161/F161,"") -> 0.48868246
H162: =IFERROR(F162/E162,"") | I162: =IF(F162/ActivitySum!$C$1300=0%,"",F162/ActivitySum!$C$1300) | J162: =IF(G162/ActivitySum!$C$1300=0%,"",G162/ActivitySum!$C$1300) | K162: =IFERROR(G162/E162,"") | L162: =IFERROR(G162/F162,"")
H163: =IFERROR(F163/E163,"") | I163: =IF(F163/ActivitySum!$C$1300=0%,"",F163/ActivitySum!$C$1300) | J163: =IF(G163/ActivitySum!$C$1300=0%,"",G163/ActivitySum!$C$1300) | K163: =IFERROR(G163/E163,"") | L163: =IFERROR(G163/F163,"")
H164: =IFERROR(F164/E164,"") | I164: =IF(F164/ActivitySum!$C$1300=0%,"",F164/ActivitySum!$C$1300) | J164: =IF(G164/ActivitySum!$C$1300=0%,"",G164/ActivitySum!$C$1300) | K164: =IFERROR(G164/E164,"") | L164: =IFERROR(G164/F164,"")
H165: =IFERROR(F165/E165,"") | I165: =IF(F165/ActivitySum!$C$1300=0%,"",F165/ActivitySum!$C$1300) | J165: =IF(G165/ActivitySum!$C$1300=0%,"",G165/ActivitySum!$C$1300) | K165: =IFERROR(G165/E165,"") | L165: =IFERROR(G165/F165,"")
H166: =IFERROR(F166/E166,"") | I166: =IF(F166/ActivitySum!$C$1300=0%,"",F166/ActivitySum!$C$1300) | J166: =IF(G166/ActivitySum!$C$1300=0%,"",G166/ActivitySum!$C$1300) | K166: =IFERROR(G166/E166,"") | L166: =IFERROR(G166/F166,"")
H167: =IFERROR(F167/E167,"") | I167: =IF(F167/ActivitySum!$C$1300=0%,"",F167/ActivitySum!$C$1300) | J167: =IF(G167/ActivitySum!$C$1300=0%,"",G167/ActivitySum!$C$1300) | K167: =IFERROR(G167/E167,"") | L167: =IFERROR(G167/F167,"")
H168: =IFERROR(F168/E168,"") | I168: =IF(F168/ActivitySum!$C$1300=0%,"",F168/ActivitySum!$C$1300) | J168: =IF(G168/ActivitySum!$C$1300=0%,"",G168/ActivitySum!$C$1300) | K168: =IFERROR(G168/E168,"") | L168: =IFERROR(G168/F168,"")
H169: =IFERROR(F169/E169,"") | I169: =IF(F169/ActivitySum!$C$1300=0%,"",F169/ActivitySum!$C$1300) | J169: =IF(G169/ActivitySum!$C$1300=0%,"",G169/ActivitySum!$C$1300) | K169: =IFERROR(G169/E169,"") | L169: =IFERROR(G169/F169,"")
H170: =IFERROR(F170/E170,"") | I170: =IF(F170/ActivitySum!$C$1300=0%,"",F170/ActivitySum!$C$1300) | J170: =IF(G170/ActivitySum!$C$1300=0%,"",G170/ActivitySum!$C$1300) | K170: =IFERROR(G170/E170,"") | L170: =IFERROR(G170/F170,"")
H171: =IFERROR(F171/E171,"") | I171: =IF(F171/ActivitySum!$C$1300=0%,"",F171/ActivitySum!$C$1300) | J171: =IF(G171/ActivitySum!$C$1300=0%,"",G171/ActivitySum!$C$1300) | K171: =IFERROR(G171/E171,"") | L171: =IFERROR(G171/F171,"")
H172: =IFERROR(F172/E172,"") | I172: =IF(F172/ActivitySum!$C$1300=0%,"",F172/ActivitySum!$C$1300) | J172: =IF(G172/ActivitySum!$C$1300=0%,"",G172/ActivitySum!$C$1300) | K172: =IFERROR(G172/E172,"") | L172: =IFERROR(G172/F172,"")
H173: =IFERROR(F173/E173,"") | I173: =IF(F173/ActivitySum!$C$1300=0%,"",F173/ActivitySum!$C$1300) | J173: =IF(G173/ActivitySum!$C$1300=0%,"",G173/ActivitySum!$C$1300) | K173: =IFERROR(G173/E173,"") | L173: =IFERROR(G173/F173,"")
... H1286: =IFERROR(F1286/E1286,"") | I1286: =IF(F1286/ActivitySum!$C$1300=0%,"",F1286/ActivitySum!$C$1300) | J1286: =IF(G1286/ActivitySum!$C$1300=0%,"",G1286/ActivitySum!$C$1300) | K1286: =IFERROR(G1286/E1286,"") | L1286: =IFERROR(G1286/F1286,"")

Sheet Weekly Hrs Summary
A1: ='Weekly Detailed EVM Hrs'!A1 -> Project Name | F1: Weekly Progress Hours Summary | N1: Data Date: | P1: =INDEX(WeekDates[WeekDates],MATCH('Weekly Hrs Summary'!$P$2,WeekDates[WeekID],)) -> 44192
A2: ='Weekly Detailed EVM Hrs'!A2 -> Location | N2: Current Week | P2: =MAX(U:U) -> 48
A3: BOQ Item Wise Summary | N3: Total Weeks | P3: 114
A4: 1817-BOQ Summary | B4: Budget Hrs | C4: Planned Hrs | D4: Earned Hrs | E4: Planned Hrs % | F4: Actual Hrs % | I4: =A4 -> 1817-BOQ Summary | J4: =B4 -> Budget Hrs | K4: =C4 -> Planned Hrs | L4: =D4 -> Earned Hrs | M4: =E4 -> Planned Hrs %
A5: Div 01 | B5: 514 | C5: 514 | D5: 393 | E5: =C5/B5 -> 1 | F5: =D5/B5 -> 0.76459144 | I5: =A5 -> Div 01 | J5: =B5 -> 514 | K5: =C5 -> 514 | L5: =D5 -> 393 | M5: =E5 -> 1
A6: Div 02 | B6: 20039 | C6: 20039 | D6: 13023 | E6: =C6/B6 -> 1 | F6: =D6/B6 -> 0.64988273 | I6: =A6 -> Div 02 | J6: =B6 -> 20039 | K6: =C6 -> 20039 | L6: =D6 -> 13023 | M6: =E6 -> 1
A7: Div 03 | B7: 377918 | C7: 187385 | D7: 118812 | E7: =C7/B7 -> 0.49583508 | F7: =D7/B7 -> 0.31438566 | I7: =A7 -> Div 03 | J7: =B7 -> 377918 | K7: =C7 -> 187385 | L7: =D7 -> 118812 | M7: =E7 -> 0.49583508 | U7: Row Labels | V7: Sum of WeekID
A8: Div 04 | B8: 22530 | C8: 38 | D8: 1762 | E8: =C8/B8 -> 0.00168664 | F8: =D8/B8 -> 0.078206835 | I8: =A8 -> Div 04 | J8: =B8 -> 22530 | K8: =C8 -> 38 | L8: =D8 -> 1762 | M8: =E8 -> 0.00168664 | U8: 1 | V8: 1
A9: Div 05 | B9: 6395 | D9: 13 | E9: =C9/B9 -> 0 | F9: =D9/B9 -> 0.0020328382 | I9: =A9 -> Div 05 | J9: =B9 -> 6395 | K9: =C9 -> 0 | L9: =D9 -> 13 | M9: =E9 -> 0 | U9: 2 | V9: 2
A10: Div 06 | B10: 1800 | E10: =C10/B10 -> 0 | F10: =D10/B10 -> 0 | I10: =A10 -> Div 06 | J10: =B10 -> 1800 | K10: =C10 -> 0 | L10: =D10 -> 0 | M10: =E10 -> 0 | U10: 3 | V10: 3
A11: Div 07 | B11: 15326 | E11: =C11/B11 -> 0 | F11: =D11/B11 -> 0 | I11: =A11 -> Div 07 | J11: =B11 -> 15326 | K11: =C11 -> 0 | L11: =D11 -> 0 | M11: =E11 -> 0 | U11: 4 | V11: 4
A12: Div 08 | B12: 12173 | D12: 333 | E12: =C12/B12 -> 0 | F12: =D12/B12 -> 0.027355623 | I12: =A12 -> Div 08 | J12: =B12 -> 12173 | K12: =C12 -> 0 | L12: =D12 -> 333 | M12: =E12 -> 0 | U12: 5 | V12: 5
A13: Div 09 | B13: 239501 | D13: 21091 | E13: =C13/B13 -> 0 | F13: =D13/B13 -> 0.088062263 | I13: =A13 -> Div 09 | J13: =B13 -> 239501 | K13: =C13 -> 0 | L13: =D13 -> 21091 | M13: =E13 -> 0 | U13: 6 | V13: 6
A14: Div 10 | B14: 16004 | C14: 300 | D14: 844 | E14: =C14/B14 -> 0.018745314 | F14: =D14/B14 -> 0.052736816 | I14: =A14 -> Div 10 | J14: =B14 -> 16004 | K14: =C14 -> 300 | L14: =D14 -> 844 | M14: =E14 -> 0.018745314 | U14: 7 | V14: 7
A15: Div 11 | B15: 15404 | D15: 1122 | E15: =C15/B15 -> 0 | F15: =D15/B15 -> 0.072838224 | I15: =A15 -> Div 11 | J15: =B15 -> 15404 | K15: =C15 -> 0 | L15: =D15 -> 1122 | M15: =E15 -> 0 | U15: 8 | V15: 8
A16: Div 12 | B16: 27542 | D16: 2269 | E16: =C16/B16 -> 0 | F16: =D16/B16 -> 0.082383269 | I16: =A16 -> Div 12 | J16: =B16 -> 27542 | K16: =C16 -> 0 | L16: =D16 -> 2269 | M16: =E16 -> 0 | U16: 9 | V16: 9
A17: Div 13 | B17: 4682 | E17: =C17/B17 -> 0 | F17: =D17/B17 -> 0 | I17: =A17 -> Div 13 | J17: =B17 -> 4682 | K17: =C17 -> 0 | L17: =D17 -> 0 | M17: =E17 -> 0 | U17: 10 | V17: 10
A18: Div 14 | B18: 2173 | E18: =C18/B18 -> 0 | F18: =D18/B18 -> 0 | I18: =A18 -> Div 14 | J18: =B18 -> 2173 | K18: =C18 -> 0 | L18: =D18 -> 0 | M18: =E18 -> 0 | U18: 11 | V18: 11
A19: Div 15 | B19: 29297 | C19: 29 | D19: 2150 | E19: =C19/B19 -> 0.00098986244 | F19: =D19/B19 -> 0.073386354 | I19: =A19 -> Div 15 | J19: =B19 -> 29297 | K19: =C19 -> 29 | L19: =D19 -> 2150 | M19: =E19 -> 0.00098986244 | U19: 12 | V19: 12
A20: Grand Total | B20: 791298 | C20: 208305 | D20: 161812 | E20: =C20/B20 -> 0.26324469 | F20: =D20/B20 -> 0.20448933 | I20: =A20 -> Grand Total | J20: =B20 -> 791298 | K20: =C20 -> 208305 | L20: =D20 -> 161812 | M20: =E20 -> 0.26324469 | U20: 13 | V20: 13
U21: 14 | V21: 14
A22: Trade Item Wise Summary | U22: 15 | V22: 15
A23: 1817-Trade | B23: Budget Hrs | C23: Planned Hrs | D23: Earned Hrs | E23: Planned Hrs % | F23: Actual Hrs % | I23: =A23 -> 1817-Trade | J23: =B23 -> Budget Hrs | K23: =C23 -> Planned Hrs | L23: =D23 -> Earned Hrs | M23: =E23 -> Planned Hrs % | N23: =F23 -> Actual Hrs % | U23: 16 | V23: 16
A24: Anti-Fungal & Carbonation | B24: 12793 | D24: 3224 | E24: =C24/B24 -> 0 | F24: =D24/B24 -> 0.25201282 | I24: =A24 -> Anti-Fungal & Carbonation | J24: =B24 -> 12793 | K24: =C24 -> 0 | L24: =D24 -> 3224 | M24: =E24 -> 0 | N24: =F24 -> 0.25201282 | U24: 17 | V24: 17
A25: Ceramic | B25: 12431 | E25: =C25/B25 -> 0 | F25: =D25/B25 -> 0 | I25: =A25 -> Ceramic | J25: =B25 -> 12431 | K25: =C25 -> 0 | L25: =D25 -> 0 | M25: =E25 -> 0 | N25: =F25 -> 0 | U25: 18 | V25: 18
A26: Concrete | B26: 377918 | C26: 187385 | D26: 118812 | E26: =C26/B26 -> 0.49583508 | F26: =D26/B26 -> 0.31438566 | I26: =A26 -> Concrete | J26: =B26 -> 377918 | K26: =C26 -> 187385 | L26: =D26 -> 118812 | M26: =E26 -> 0.49583508 | N26: =F26 -> 0.31438566 | U26: 19 | V26: 19
A27: Conveying System | B27: 4682 | E27: =C27/B27 -> 0 | F27: =D27/B27 -> 0 | I27: =A27 -> Conveying System | J27: =B27 -> 4682 | K27: =C27 -> 0 | L27: =D27 -> 0 | M27: =E27 -> 0 | N27: =F27 -> 0 | U27: 20 | V27: 20
A28: Doors | B28: 5692 | D28: 333 | E28: =C28/B28 -> 0 | F28: =D28/B28 -> 0.058503162 | I28: =A28 -> Doors | J28: =B28 -> 5692 | K28: =C28 -> 0 | L28: =D28 -> 333 | M28: =E28 -> 0 | N28: =F28 -> 0.058503162 | U28: 21 | V28: 21
A29: Electrical | B29: 28801 | C29: 29 | D29: 2150 | E29: =C29/B29 -> 0.0010069095 | F29: =D29/B29 -> 0.074650186 | I29: =A29 -> Electrical | J29: =B29 -> 28801 | K29: =C29 -> 29 | L29: =D29 -> 2150 | M29: =E29 -> 0.0010069095 | N29: =F29 -> 0.074650186 | U29: 22 | V29: 22
A30: Epoxy & Traffic Coating | B30: 4452 | D30: 24 | E30: =C30/B30 -> 0 | F30: =D30/B30 -> 0.0053908356 | I30: =A30 -> Epoxy & Traffic Coating | J30: =B30 -> 4452 | K30: =C30 -> 0 | L30: =D30 -> 24 | M30: =E30 -> 0 | N30: =F30 -> 0.0053908356 | U30: 23 | V30: 23
A31: False Ceiling | B31: 20728 | D31: 7 | E31: =C31/B31 -> 0 | F31: =D31/B31 -> 0.00033770745 | I31: =A31 -> False Ceiling | J31: =B31 -> 20728 | K31: =C31 -> 0 | L31: =D31 -> 7 | M31: =E31 -> 0 | N31: =F31 -> 0.00033770745 | U31: 24 | V31: 24
A32: Fire Fighting | B32: 15404 | D32: 1122 | E32: =C32/B32 -> 0 | F32: =D32/B32 -> 0.072838224 | I32: =A32 -> Fire Fighting | J32: =B32 -> 15404 | K32: =C32 -> 0 | L32: =D32 -> 1122 | M32: =E32 -> 0 | N32: =F32 -> 0.072838224 | U32: 25 | V32: 25
A33: Glazing | B33: 5473 | E33: =C33/B33 -> 0 | F33: =D33/B33 -> 0 | I33: =A33 -> Glazing | J33: =B33 -> 5473 | K33: =C33 -> 0 | L33: =D33 -> 0 | M33: =E33 -> 0 | N33: =F33 -> 0 | U33: 26 | V33: 26
A34: HVAC | B34: 27438 | D34: 2269 | E34: =C34/B34 -> 0 | F34: =D34/B34 -> 0.082695532 | I34: =A34 -> HVAC | J34: =B34 -> 27438 | K34: =C34 -> 0 | L34: =D34 -> 2269 | M34: =E34 -> 0 | N34: =F34 -> 0.082695532 | U34: 27 | V34: 27
A35: LPG System | B35: 2173 | E35: =C35/B35 -> 0 | F35: =D35/B35 -> 0 | I35: =A35 -> LPG System | J35: =B35 -> 2173 | K35: =C35 -> 0 | L35: =D35 -> 0 | M35: =E35 -> 0 | N35: =F35 -> 0 | U35: 28 | V35: 28
A36: Masonry | B36: 22530 | C36: 38 | D36: 1762 | E36: =C36/B36 -> 0.00168664 | F36: =D36/B36 -> 0.078206835 | I36: =A36 -> Masonry | J36: =B36 -> 22530 | K36: =C36 -> 38 | L36: =D36 -> 1762 | M36: =E36 -> 0.00168664 | N36: =F36 -> 0.078206835 | U36: 29 | V36: 29
A37: Natural Stone | B37: 13058 | E37: =C37/B37 -> 0 | F37: =D37/B37 -> 0 | I37: =A37 -> Natural Stone | J37: =B37 -> 13058 | K37: =C37 -> 0 | L37: =D37 -> 0 | M37: =E37 -> 0 | N37: =F37 -> 0 | U37: 30 | V37: 30
A38: Others Finishes | B38: 36854 | D38: 13 | E38: =C38/B38 -> 0 | F38: =D38/B38 -> 0.00035274326 | I38: =A38 -> Others Finishes | J38: =B38 -> 36854 | K38: =C38 -> 0 | L38: =D38 -> 13 | M38: =E38 -> 0 | N38: =F38 -> 0.00035274326 | U38: 31 | V38: 31
A39: Paint | B39: 18963 | D39: 2067 | E39: =C39/B39 -> 0 | F39: =D39/B39 -> 0.10900174 | I39: =A39 -> Paint | J39: =B39 -> 18963 | K39: =C39 -> 0 | L39: =D39 -> 2067 | M39: =E39 -> 0 | N39: =F39 -> 0.10900174 | U39: 32 | V39: 32
A40: Plaster | B40: 112175 | D40: 15634 | E40: =C40/B40 -> 0 | F40: =D40/B40 -> 0.13937152 | I40: =A40 -> Plaster | J40: =B40 -> 112175 | K40: =C40 -> 0 | L40: =D40 -> 15634 | M40: =E40 -> 0 | N40: =F40 -> 0.13937152 | U40: 33 | V40: 33
A41: Plumbing | B41: 16004 | C41: 300 | D41: 844 | E41: =C41/B41 -> 0.018745314 | F41: =D41/B41 -> 0.052736816 | I41: =A41 -> Plumbing | J41: =B41 -> 16004 | K41: =C41 -> 300 | L41: =D41 -> 844 | M41: =E41 -> 0.018745314 | N41: =F41 -> 0.052736816 | U41: 34 | V41: 34
A42: Porcelain | B42: 18774 | D42: 135 | E42: =C42/B42 -> 0 | F42: =D42/B42 -> 0.0071907958 | I42: =A42 -> Porcelain | J42: =B42 -> 18774 | K42: =C42 -> 0 | L42: =D42 -> 135 | M42: =E42 -> 0 | N42: =F42 -> 0.0071907958 | U42: 35 | V42: 35
A43: Prelims | B43: 514 | C43: 514 | D43: 393 | E43: =C43/B43 -> 1 | F43: =D43/B43 -> 0.76459144 | I43: =A43 -> Prelims | J43: =B43 -> 514 | K43: =C43 -> 514 | L43: =D43 -> 393 | M43: =E46 -> 0.26324469 | N43: =F46 -> 0.20448933 | U43: 36 | V43: 36
A44: Site Works | B44: 20039 | C44: 20039 | D44: 13023 | E44: =C44/B44 -> 1 | F44: =D44/B44 -> 0.64988273 | U44: 37 | V44: 37
A45: Terrazo Tiles | B45: 14402 | E45: =C45/B45 -> 0 | F45: =D45/B45 -> 0 | U45: 38 | V45: 38
A46: Grand Total | B46: 791298 | C46: 208305 | D46: 161812 | E46: =C46/B46 -> 0.26324469 | F46: =D46/B46 -> 0.20448933 | U46: 39 | V46: 39
U47: 40 | V47: 40
U48: 41 | V48: 41
U49: 42 | V49: 42
U50: 43 | V50: 43
U51: 44 | V51: 44
U52: 45 | V52: 45
U53: 46 | V53: 46
U54: 47 | V54: 47
U55: 48 | V55: 48
U56: Grand Total | V56: 1176

Sheet Weekly Detailed EVM Cost
A1: ='Weekly Cost Summary'!A1 -> Project Name | I1: ='Weekly Cost Summary'!N1 -> Data Date: | K1: ='Weekly Cost Summary'!P1 -> 44192
A2: ='Weekly Cost Summary'!A2 -> Location | I2: ='Weekly Cost Summary'!N2 -> Current Week | K2: ='Weekly Cost Summary'!P2 -> 48
I3: ='Weekly Cost Summary'!N3 -> Total Weeks | K3: ='Weekly Cost Summary'!P3 -> 114
A5: 1817-Zone | B5: 1817-BOQ Summary | C5: Activity ID | D5: Activity Name | E5: Budget Cost | F5: Planned Cost | G5: Earned Cost | H5: Planned Cost % Compl. | I5: Planned Weightage % | J5: Actual Weightage % | K5: Actual Cost % Complete | L5: SPI
A6: Z1 | B6: Div 01 | C6: PRL-MOB-1020 | D6: Site Office Establishment | E6: 767001 | F6: 767001 | G6: 586756 | H6: =IFERROR(F6/E6,"") -> 1 | I6: =IF(F6/ActivitySum!$C$1300=0%,"",F6/ActivitySum!$C$1300) -> 0.0088421516 | J6: =IF(G6/ActivitySum!$C$1300=0%,"",G6/ActivitySum!$C$1300) -> 0.0067642487 | K6: =IFERROR(G6/E6,"") -> 0.76500031 | L6: =IFERROR(G6/F6,"") -> 0.76500031
C7: PRL-MOB-1050 | D7: Project Sign Boards and Hoarding | E7: 60000 | F7: 60000 | G7: 45900 | H7: =IFERROR(F7/E7,"") -> 1 | I7: =IF(F7/ActivitySum!$C$1300=0%,"",F7/ActivitySum!$C$1300) -> 0.00069169284 | J7: =IF(G7/ActivitySum!$C$1300=0%,"",G7/ActivitySum!$C$1300) -> 0.00052914502 | K7: =IFERROR(G7/E7,"") -> 0.765 | L7: =IFERROR(G7/F7,"") -> 0.765
C8: PRL-MOB-1100 | D8: Yards & Stores Establishment | E8: 80000 | F8: 80000 | G8: 61200 | H8: =IFERROR(F8/E8,"") -> 1 | I8: =IF(F8/ActivitySum!$C$1300=0%,"",F8/ActivitySum!$C$1300) -> 0.00092225711 | J8: =IF(G8/ActivitySum!$C$1300=0%,"",G8/ActivitySum!$C$1300) -> 0.00070552669 | K8: =IFERROR(G8/E8,"") -> 0.765 | L8: =IFERROR(G8/F8,"") -> 0.765
B9: Div 02 | C9: C-EW-10370 | D9: Excavation Stage 1 - Z1 | E9: 293640 | F9: 293640 | G9: 161502 | H9: =IFERROR(F9/E9,"") -> 1 | I9: =IF(F9/ActivitySum!$C$1300=0%,"",F9/ActivitySum!$C$1300) -> 0.0033851447 | J9: =IF(G9/ActivitySum!$C$1300=0%,"",G9/ActivitySum!$C$1300) -> 0.0018618296 | K9: =IFERROR(G9/E9,"") -> 0.55 | L9: =IFERROR(G9/F9,"") -> 0.55
C10: C-EW-10380 | D10: Strut Pipe Bracing - Z1 | E10: 162250 | F10: 162250 | G10: 178476 | H10: =IFERROR(F10/E10,"") -> 1 | I10: =IF(F10/ActivitySum!$C$1300=0%,"",F10/ActivitySum!$C$1300) -> 0.0018704527 | J10: =IF(G10/ActivitySum!$C$1300=0%,"",G10/ActivitySum!$C$1300) -> 0.0020575095 | K10: =IFERROR(G10/E10,"") -> 1.1000062 | L10: =IFERROR(G10/F10,"") -> 1.1000062
C11: C-EW-10390 | D11: Excavation Stage 2 - Z1 | E11: 293641 | F11: 293641 | G11: 161503 | H11: =IFERROR(F11/E11,"") -> 1 | I11: =IF(F11/ActivitySum!$C$1300=0%,"",F11/ActivitySum!$C$1300) -> 0.0033851563 | J11: =IF(G11/ActivitySum!$C$1300=0%,"",G11/ActivitySum!$C$1300) -> 0.0018618411 | K11: =IFERROR(G11/E11,"") -> 0.55000153 | L11: =IFERROR(G11/F11,"") -> 0.55000153
C12: C-SHRNG-DCE-C-2330 | D12: Place Guide Wall - Z1 | E12: 162250 | F12: 162250 | G12: 178476 | H12: =IFERROR(F12/E12,"") -> 1 | I12: =IF(F12/ActivitySum!$C$1300=0%,"",F12/ActivitySum!$C$1300) -> 0.0018704527 | J12: =IF(G12/ActivitySum!$C$1300=0%,"",G12/ActivitySum!$C$1300) -> 0.0020575095 | K12: =IFERROR(G12/E12,"") -> 1.1000062 | L12: =IFERROR(G12/F12,"") -> 1.1000062
C13: C-SHRNG-DCE-C-2340 | D13: Install Shoring System - Z1 | E13: 2016502 | F13: 2016501 | G13: 2218152 | H13: =IFERROR(F13/E13,"") -> 0.9999995 | I13: =IF(F13/ActivitySum!$C$1300=0%,"",F13/ActivitySum!$C$1300) -> 0.023246655 | J13: =IF(G13/ActivitySum!$C$1300=0%,"",G13/ActivitySum!$C$1300) -> 0.025571331 | K13: =IFERROR(G13/E13,"") -> 1.0999999 | L13: =IFERROR(G13/F13,"") -> 1.1000004
C14: C-SHRNG-DCE-C-2350 | D14: Install Capping Beam - Z1 | E14: 180856 | F14: 180856 | G14: 99471 | H14: =IFERROR(F14/E14,"") -> 1 | I14: =IF(F14/ActivitySum!$C$1300=0%,"",F14/ActivitySum!$C$1300) -> 0.0020849467 | J14: =IF(G14/ActivitySum!$C$1300=0%,"",G14/ActivitySum!$C$1300) -> 0.001146723 | K14: =IFERROR(G14/E14,"") -> 0.55000111 | L14: =IFERROR(G14/F14,"") -> 0.55000111
C15: PRL-MOB-SCW-1600 | D15: Soil Investigation & Report Submit | E15: 55000 | F15: 55000 | G15: 42075 | H15: =IFERROR(F15/E15,"") -> 1 | I15: =IF(F15/ActivitySum!$C$1300=0%,"",F15/ActivitySum!$C$1300) -> 0.00063405177 | J15: =IF(G15/ActivitySum!$C$1300=0%,"",G15/ActivitySum!$C$1300) -> 0.0004850496 | K15: =IFERROR(G15/E15,"") -> 0.765 | L15: =IFERROR(G15/F15,"") -> 0.765
C16: PRL-MOB-SCW-2310 | D16: Dewatering System Installation | E16: 95000 | F16: 95000 | G16: 104500 | H16: =IFERROR(F16/E16,"") -> 1 | I16: =IF(F16/ActivitySum!$C$1300=0%,"",F16/ActivitySum!$C$1300) -> 0.0010951803 | J16: =IF(G16/ActivitySum!$C$1300=0%,"",G16/ActivitySum!$C$1300) -> 0.0012046984 | K16: =IFERROR(G16/E16,"") -> 1.1 | L16: =IFERROR(G16/F16,"") -> 1.1
C17: PRL-MOB-SCW-2320 | D17: Demolition of Existing Structure | E17: 140001 | F17: 140001 | G17: 77001 | H17: =IFERROR(F17/E17,"") -> 1 | I17: =IF(F17/ActivitySum!$C$1300=0%,"",F17/ActivitySum!$C$1300) -> 0.0016139615 | J17: =IF(G17/ActivitySum!$C$1300=0%,"",G17/ActivitySum!$C$1300) -> 0.000887684 | K17: =IFERROR(G17/E17,"") -> 0.55000321 | L17: =IFERROR(G17/F17,"") -> 0.55000321
C18: PRL-MOB-SCW-2330 | D18: Clearing Existing Utilities | E18: 39000 | F18: 39000 | G18: 21450 | H18: =IFERROR(F18/E18,"") -> 1 | I18: =IF(F18/ActivitySum!$C$1300=0%,"",F18/ActivitySum!$C$1300) -> 0.00044960034 | J18: =IF(G18/ActivitySum!$C$1300=0%,"",G18/ActivitySum!$C$1300) -> 0.00024728019 | K18: =IFERROR(G18/E18,"") -> 0.55 | L18: =IFERROR(G18/F18,"") -> 0.55
B19: Div 03 | C19: C-EW-2420 | D19: Gunite Wall - Z1 | E19: 152558 | F19: 152558 | G19: 129675 | H19: =IFERROR(F19/E19,"") -> 1 | I19: =IF(F19/ActivitySum!$C$1300=0%,"",F19/ActivitySum!$C$1300) -> 0.0017587213 | J19: =IF(G19/ActivitySum!$C$1300=0%,"",G19/ActivitySum!$C$1300) -> 0.0014949211 | K19: =IFERROR(G19/E19,"") -> 0.85000459 | L19: =IFERROR(G19/F19,"") -> 0.85000459
C20: Z1-C-CON-2400 | D20: PCC Blind Concrete - Z1 - Lift Pit | E20: 17220 | F20: 17220 | G20: 14637 | H20: =IFERROR(F20/E20,"") -> 1 | I20: =IF(F20/ActivitySum!$C$1300=0%,"",F20/ActivitySum!$C$1300) -> 0.00019851584 | J20: =IF(G20/ActivitySum!$C$1300=0%,"",G20/ActivitySum!$C$1300) -> 0.00016873847 | K20: =IFERROR(G20/E20,"") -> 0.85 | L20: =IFERROR(G20/F20,"") -> 0.85
C21: Z1-C-CON-2440 | D21: Waterproof Membrane - Z1 - Lift Pit | E21: 102280 | F21: 102280 | G21: 86938 | H21: =IFERROR(F21/E21,"") -> 1 | I21: =IF(F21/ActivitySum!$C$1300=0%,"",F21/ActivitySum!$C$1300) -> 0.0011791057 | J21: =IF(G21/ActivitySum!$C$1300=0%,"",G21/ActivitySum!$C$1300) -> 0.0010022399 | K21: =IFERROR(G21/E21,"") -> 0.85 | L21: =IFERROR(G21/F21,"") -> 0.85
C22: Z1-C-CON-2450 | D22: Protection Screed - Z1 - Lift Pit | E22: 10980 | F22: 10980 | G22: 9333 | H22: =IFERROR(F22/E22,"") -> 1 | I22: =IF(F22/ActivitySum!$C$1300=0%,"",F22/ActivitySum!$C$1300) -> 0.00012657979 | J22: =IF(G22/ActivitySum!$C$1300=0%,"",G22/ActivitySum!$C$1300) -> 0.00010759282 | K22: =IFERROR(G22/E22,"") -> 0.85 | L22: =IFERROR(G22/F22,"") -> 0.85
C23: Z1-C-CON-2460 | D23: Fix Rebar - Z1 - Lift Pit | E23: 20247 | F23: 20247 | G23: 17210 | H23: =IFERROR(F23/E23,"") -> 1 | I23: =IF(F23/ActivitySum!$C$1300=0%,"",F23/ActivitySum!$C$1300) -> 0.00023341175 | J23: =IF(G23/ActivitySum!$C$1300=0%,"",G23/ActivitySum!$C$1300) -> 0.00019840056 | K23: =IFERROR(G23/E23,"") -> 0.85000247 | L23: =IFERROR(G23/F23,"") -> 0.85000247
C24: Z1-C-CON-2480 | D24: Pour Concrete - Z1 - Lift Pit | E24: 20247 | F24: 20247 | G24: 17210 | H24: =IFERROR(F24/E24,"") -> 1 | I24: =IF(F24/ActivitySum!$C$1300=0%,"",F24/ActivitySum!$C$1300) -> 0.00023341175 | J24: =IF(G24/ActivitySum!$C$1300=0%,"",G24/ActivitySum!$C$1300) -> 0.00019840056 | K24: =IFERROR(G24/E24,"") -> 0.85000247 | L24: =IFERROR(G24/F24,"") -> 0.85000247
C25: Z1-C-CON-2500 | D25: PCC Blind Concrete - Z1 - Raft | E25: 51660 | F25: 51660 | G25: 43911 | H25: =IFERROR(F25/E25,"") -> 1 | I25: =IF(F25/ActivitySum!$C$1300=0%,"",F25/ActivitySum!$C$1300) -> 0.00059554753 | J25: =IF(G25/ActivitySum!$C$1300=0%,"",G25/ActivitySum!$C$1300) -> 0.0005062154 | K25: =IFERROR(G25/E25,"") -> 0.85 | L25: =IFERROR(G25/F25,"") -> 0.85
C26: Z1-C-CON-2510 | D26: Waterproof Membrane - Z1 - Raft | E26: 306840 | F26: 306840 | G26: 260814 | H26: =IFERROR(F26/E26,"") -> 1 | I26: =IF(F26/ActivitySum!$C$1300=0%,"",F26/ActivitySum!$C$1300) -> 0.0035373172 | J26: =IF(G26/ActivitySum!$C$1300=0%,"",G26/ActivitySum!$C$1300) -> 0.0030067196 | K26: =IFERROR(G26/E26,"") -> 0.85 | L26: =IFERROR(G26/F26,"") -> 0.85
C27: Z1-C-CON-2520 | D27: Protection Screed - Z1 - Raft | E27: 32940 | F27: 32940 | G27: 988 | H27: =IFERROR(F27/E27,"") -> 1 | I27: =IF(F27/ActivitySum!$C$1300=0%,"",F27/ActivitySum!$C$1300) -> 0.00037973937 | J27: =IF(G27/ActivitySum!$C$1300=0%,"",G27/ActivitySum!$C$1300) -> 1.1389875e-05 | K27: =IFERROR(G27/E27,"") -> 0.029993928 | L27: =IFERROR(G27/F27,"") -> 0.029993928
C28: Z1-C-CON-2530 | D28: Fix Rebar - Z1 - Raft | E28: 687066 | F28: 687066 | G28: 6871 | H28: =IFERROR(F28/E28,"") -> 1 | I28: =IF(F28/ActivitySum!$C$1300=0%,"",F28/ActivitySum!$C$1300) -> 0.0079206438 | J28: =IF(G28/ActivitySum!$C$1300=0%,"",G28/ActivitySum!$C$1300) -> 7.9210358e-05 | K28: =IFERROR(G28/E28,"") -> 0.010000495 | L28: =IFERROR(G28/F28,"") -> 0.010000495
C29: Z1-C-CON-2550 | D29: Fix Formwork - Z1 - Raft | E29: 41321 | F29: 41321 | G29: 8781 | H29: =IFERROR(F29/E29,"") -> 1 | I29: =IF(F29/ActivitySum!$C$1300=0%,"",F29/ActivitySum!$C$1300) -> 0.00047635733 | J29: =IF(G29/ActivitySum!$C$1300=0%,"",G29/ActivitySum!$C$1300) -> 0.00010122925 | K29: =IFERROR(G29/E29,"") -> 0.21250696 | L29: =IFERROR(G29/F29,"") -> 0.21250696
C30: Z1-C-CON-2560 | D30: Pour Concrete - Z1 - Raft | E30: 1004127 | F30: 1004127 | G30: 213377 | H30: =IFERROR(F30/E30,"") -> 1 | I30: =IF(F30/ActivitySum!$C$1300=0%,"",F30/ActivitySum!$C$1300) -> 0.011575791 | J30: =IF(G30/ActivitySum!$C$1300=0%,"",G30/ActivitySum!$C$1300) -> 0.0024598557 | K30: =IFERROR(G30/E30,"") -> 0.21250001 | L30: =IFERROR(G30/F30,"") -> 0.21250001
C31: Z1-C-CON-2570 | D31: Fix Rebar Core Walls - Z1 - B2 | E31: 49489 | F31: 49489 | G31: 10516 | H31: =IFERROR(F31/E31,"") -> 1 | I31: =IF(F31/ActivitySum!$C$1300=0%,"",F31/ActivitySum!$C$1300) -> 0.00057051978 | J31: =IF(G31/ActivitySum!$C$1300=0%,"",G31/ActivitySum!$C$1300) -> 0.0001212307 | K31: =IFERROR(G31/E31,"") -> 0.21249166 | L31: =IFERROR(G31/F31,"") -> 0.21249166
... C79: Z1-C-CON-5950 | D79: Pour Concrete Core Walls Ramp - Z1 - B1 | E79: 37210 | F79: 37210 | G79: 31628 | H79: =IFERROR(F79/E79,"") -> 1 | I79: =IF(F79/ActivitySum!$C$1300=0%,"",F79/ActivitySum!$C$1300) -> 0.00042896484 | J79: =IF(G79/ActivitySum!$C$1300=0%,"",G79/ActivitySum!$C$1300) -> 0.00036461435 | K79: =IFERROR(G79/E79,"") -> 0.84998656 | L79: =IFERROR(G79/F79,"") -> 0.84998656
B80: Div 04 | C80: Z1-C-FIN-5790 | D80: Masonry Works - Z1 - B2 | E80: 3061 | F80: 3061 | G80: 184 | H80: =IFERROR(F80/E80,"") -> 1 | I80: =IF(F80/ActivitySum!$C$1300=0%,"",F80/ActivitySum!$C$1300) -> 3.5287863e-05 | J80: =IF(G80/ActivitySum!$C$1300=0%,"",G80/ActivitySum!$C$1300) -> 2.1211914e-06 | K80: =IFERROR(G80/E80,"") -> 0.060111075 | L80: =IFERROR(G80/F80,"") -> 0.060111075
B81: Div 10 | C81: Z1-C-CON-2540 | D81: Fix MEP Provisions - Z1 - Raft | E81: 21000 | F81: 21000 | G81: 4463 | H81: =IFERROR(F81/E81,"") -> 1 | I81: =IF(F81/ActivitySum!$C$1300=0%,"",F81/ActivitySum!$C$1300) -> 0.00024209249 | J81: =IF(G81/ActivitySum!$C$1300=0%,"",G81/ActivitySum!$C$1300) -> 5.1450419e-05 | K81: =IFERROR(G81/E81,"") -> 0.21252381 | L81: =IFERROR(G81/F81,"") -> 0.21252381
B82: Div 15 | C82: Z1-C-MEP-5810 | D82: Fix G.I Box and conduits - Z1 - B2 | E82: 26755 | F82: 15289 | G82: 14113 | H82: =IFERROR(F82/E82,"") -> 0.57144459 | I82: =IF(F82/ActivitySum!$C$1300=0%,"",F82/ActivitySum!$C$1300) -> 0.00017625486 | J82: =IF(G82/ActivitySum!$C$1300=0%,"",G82/ActivitySum!$C$1300) -> 0.00016269768 | K82: =IFERROR(G82/E82,"") -> 0.52749019 | L82: =IFERROR(G82/F82,"") -> 0.92308195
A83: Z2 | B83: Div 01 | C83: PRL-RCR-6980 | D83: Recurring Preliminaries through out the project | E83: 4687620 | F83: 1977131 | G83: 15348714 | H83: =IFERROR(F83/E83,"") -> 0.42177715 | I83: =IF(F83/ActivitySum!$C$1300=0%,"",F83/ActivitySum!$C$1300) -> 0.022792789 | J83: =IF(G83/ActivitySum!$C$1300=0%,"",G83/ActivitySum!$C$1300) -> 0.17694326 | K83: =IFERROR(G83/E83,"") -> 3.2743085 | L83: =IFERROR(G83/F83,"") -> 7.7631244
B84: Div 02 | C84: C-EW-10400 | D84: Excavation Stage 2 - Z2&3 | E84: 440461 | F84: 440461 | G84: 285198 | H84: =IFERROR(F84/E84,"") -> 1 | I84: =IF(F84/ActivitySum!$C$1300=0%,"",F84/ActivitySum!$C$1300) -> 0.0050777286 | J84: =IF(G84/ActivitySum!$C$1300=0%,"",G84/ActivitySum!$C$1300) -> 0.0032878236 | K84: =IFERROR(G84/E84,"") -> 0.64749887 | L84: =IFERROR(G84/F84,"") -> 0.64749887
C85: C-EW-10430 | D85: Strut Pipe Bracing - Z2&3 | E85: 254480 | F85: 254480 | G85: 216308 | H85: =IFERROR(F85/E85,"") -> 1 | I85: =IF(F85/ActivitySum!$C$1300=0%,"",F85/ActivitySum!$C$1300) -> 0.0029336999 | J85: =IF(G85/ActivitySum!$C$1300=0%,"",G85/ActivitySum!$C$1300) -> 0.0024936449 | K85: =IFERROR(G85/E85,"") -> 0.85 | L85: =IFERROR(G85/F85,"") -> 0.85
C86: C-EW-10440 | D86: Excavation Stage 1 - Z2&3 | E86: 348229 | F86: 348229 | G86: 212669 | H86: =IFERROR(F86/E86,"") -> 1 | I86: =IF(F86/ActivitySum!$C$1300=0%,"",F86/ActivitySum!$C$1300) -> 0.0040144584 | J86: =IF(G86/ActivitySum!$C$1300=0%,"",G86/ActivitySum!$C$1300) -> 0.0024516937 | K86: =IFERROR(G86/E86,"") -> 0.61071594 | L86: =IFERROR(G86/F86,"") -> 0.61071594
C87: C-SHRNG-DCE-C-2360 | D87: Place Guide Wall - Z2&3 | E87: 162250 | F87: 162250 | G87: 178476 | H87: =IFERROR(F87/E87,"") -> 1 | I87: =IF(F87/ActivitySum!$C$1300=0%,"",F87/ActivitySum!$C$1300) -> 0.0018704527 | J87: =IF(G87/ActivitySum!$C$1300=0%,"",G87/ActivitySum!$C$1300) -> 0.0020575095 | K87: =IFERROR(G87/E87,"") -> 1.1000062 | L87: =IFERROR(G87/F87,"") -> 1.1000062
C88: C-SHRNG-DCE-C-2370 | D88: Install Shoring System - Z2&3 | E88: 2987501 | F88: 2987500 | G88: 1643125 | H88: =IFERROR(F88/E88,"") -> 0.99999967 | I88: =IF(F88/ActivitySum!$C$1300=0%,"",F88/ActivitySum!$C$1300) -> 0.034440539 | J88: =IF(G88/ActivitySum!$C$1300=0%,"",G88/ActivitySum!$C$1300) -> 0.018942297 | K88: =IFERROR(G88/E88,"") -> 0.54999982 | L88: =IFERROR(G88/F88,"") -> 0.55
C89: C-SHRNG-DCE-C-2380 | D89: Install Capping Beam - Z2&3 | E89: 271284 | F89: 271284 | G89: 298412 | H89: =IFERROR(F89/E89,"") -> 1 | I89: =IF(F89/ActivitySum!$C$1300=0%,"",F89/ActivitySum!$C$1300) -> 0.00312742 | J89: =IF(G89/ActivitySum!$C$1300=0%,"",G89/ActivitySum!$C$1300) -> 0.0034401574 | K89: =IFERROR(G89/E89,"") -> 1.0999985 | L89: =IFERROR(G89/F89,"") -> 1.0999985
B90: Div 03 | C90: C-EW-10410 | D90: Gunite Wall - Z2 | E90: 228837 | F90: 228837 | G90: 2288 | H90: =IFERROR(F90/E90,"") -> 1 | I90: =IF(F90/ActivitySum!$C$1300=0%,"",F90/ActivitySum!$C$1300) -> 0.0026380819 | J90: =IF(G90/ActivitySum!$C$1300=0%,"",G90/ActivitySum!$C$1300) -> 2.6376553e-05 | K90: =IFERROR(G90/E90,"") -> 0.0099983831 | L90: =IFERROR(G90/F90,"") -> 0.0099983831
C91: Z2-C-CON-5840 | D91: PCC Blind Concrete - Z2 - Lift Pit | E91: 8610 | F91: 8610 | G91: 86 | H91: =IFERROR(F91/E91,"") -> 1 | I91: =IF(F91/ActivitySum!$C$1300=0%,"",F91/ActivitySum!$C$1300) -> 9.9257922e-05 | J91: =IF(G91/ActivitySum!$C$1300=0%,"",G91/ActivitySum!$C$1300) -> 9.914264e-07 | K91: =IFERROR(G91/E91,"") -> 0.0099883856 | L91: =IFERROR(G91/F91,"") -> 0.0099883856
C92: Z2-C-CON-5850 | D92: Waterproof Membrane - Z2 - Lift Pit | E92: 51140 | F92: 51140 | G92: 511 | H92: =IFERROR(F92/E92,"") -> 1 | I92: =IF(F92/ActivitySum!$C$1300=0%,"",F92/ActivitySum!$C$1300) -> 0.00058955286 | J92: =IF(G92/ActivitySum!$C$1300=0%,"",G92/ActivitySum!$C$1300) -> 5.8909173e-06 | K92: =IFERROR(G92/E92,"") -> 0.0099921783 | L92: =IFERROR(G92/F92,"") -> 0.0099921783
C93: Z2-C-CON-5860 | D93: Protection Screed - Z2 - Lift Pit | E93: 5490 | F93: 5490 | G93: 55 | H93: =IFERROR(F93/E93,"") -> 1 | I93: =IF(F93/ActivitySum!$C$1300=0%,"",F93/ActivitySum!$C$1300) -> 6.3289894e-05 | J93: =IF(G93/ActivitySum!$C$1300=0%,"",G93/ActivitySum!$C$1300) -> 6.3405177e-07 | K93: =IFERROR(G93/E93,"") -> 0.010018215 | L93: =IFERROR(G93/F93,"") -> 0.010018215
C94: Z2-C-CON-5870 | D94: Fix Rebar - Z2 - Lift Pit | E94: 15186 | F94: 15186 | G94: 304 | H94: =IFERROR(F94/E94,"") -> 1 | I94: =IF(F94/ActivitySum!$C$1300=0%,"",F94/ActivitySum!$C$1300) -> 0.00017506746 | J94: =IF(G94/ActivitySum!$C$1300=0%,"",G94/ActivitySum!$C$1300) -> 3.504577e-06 | K94: =IFERROR(G94/E94,"") -> 0.020018438 | L94: =IFERROR(G94/F94,"") -> 0.020018438
C95: Z2-C-CON-5890 | D95: Pour Concrete - Z2 - Lift Pit | E95: 15186 | F95: 15186 | G95: 3227 | H95: =IFERROR(F95/E95,"") -> 1 | I95: =IF(F95/ActivitySum!$C$1300=0%,"",F95/ActivitySum!$C$1300) -> 0.00017506746 | J95: =IF(G95/ActivitySum!$C$1300=0%,"",G95/ActivitySum!$C$1300) -> 3.7201546e-05 | K95: =IFERROR(G95/E95,"") -> 0.21249835 | L95: =IFERROR(G95/F95,"") -> 0.21249835
C96: Z2-C-CON-5900 | D96: PCC Blind Concrete - Z2 - Raft | E96: 43050 | F96: 43050 | G96: 9148 | H96: =IFERROR(F96/E96,"") -> 1 | I96: =IF(F96/ActivitySum!$C$1300=0%,"",F96/ActivitySum!$C$1300) -> 0.00049628961 | J96: =IF(G96/ActivitySum!$C$1300=0%,"",G96/ActivitySum!$C$1300) -> 0.0001054601 | K96: =IFERROR(G96/E96,"") -> 0.2124971 | L96: =IFERROR(G96/F96,"") -> 0.2124971
C97: Z2-C-CON-5910 | D97: Waterproof Membrane - Z2 - Raft | E97: 27450 | F97: 27450 | G97: 5833 | H97: =IFERROR(F97/E97,"") -> 1 | I97: =IF(F97/ActivitySum!$C$1300=0%,"",F97/ActivitySum!$C$1300) -> 0.00031644947 | J97: =IF(G97/ActivitySum!$C$1300=0%,"",G97/ActivitySum!$C$1300) -> 6.7244072e-05 | K97: =IFERROR(G97/E97,"") -> 0.21249545 | L97: =IFERROR(G97/F97,"") -> 0.21249545
C98: Z2-C-CON-5920 | D98: Protection Screed - Z2 - Raft | E98: 255700 | F98: 255700 | G98: 54336 | H98: =IFERROR(F98/E98,"") -> 1 | I98: =IF(F98/ActivitySum!$C$1300=0%,"",F98/ActivitySum!$C$1300) -> 0.0029477643 | J98: =IF(G98/ActivitySum!$C$1300=0%,"",G98/ActivitySum!$C$1300) -> 0.00062639703 | K98: =IFERROR(G98/E98,"") -> 0.21249902 | L98: =IFERROR(G98/F98,"") -> 0.21249902
C99: Z2-C-CON-5930 | D99: Fix Rebar - Z2 - Raft | E99: 746627 | F99: 746627 | G99: 634632 | H99: =IFERROR(F99/E99,"") -> 1 | I99: =IF(F99/ActivitySum!$C$1300=0%,"",F99/ActivitySum!$C$1300) -> 0.0086072758 | J99: =IF(G99/ActivitySum!$C$1300=0%,"",G99/ActivitySum!$C$1300) -> 0.0073161735 | K99: =IFERROR(G99/E99,"") -> 0.84999873 | L99: =IFERROR(G99/F99,"") -> 0.84999873
C100: Z2-C-CON-5950 | D100: Fix Formwork - Z2 - Raft | E100: 30991 | F100: 30991 | G100: 26342 | H100: =IFERROR(F100/E100,"") -> 1 | I100: =IF(F100/ActivitySum!$C$1300=0%,"",F100/ActivitySum!$C$1300) -> 0.00035727088 | J100: =IF(G100/ActivitySum!$C$1300=0%,"",G100/ActivitySum!$C$1300) -> 0.00030367621 | K100: =IFERROR(G100/E100,"") -> 0.84998871 | L100: =IFERROR(G100/F100,"") -> 0.84998871
C101: Z2-C-CON-5960 | D101: Pour Concrete - Z2 - Raft | E101: 548054 | F101: 548054 | G101: 465846 | H101: =IFERROR(F101/E101,"") -> 1 | I101: =IF(F101/ActivitySum!$C$1300=0%,"",F101/ActivitySum!$C$1300) -> 0.0063180838 | J101: =IF(G101/ActivitySum!$C$1300=0%,"",G101/ActivitySum!$C$1300) -> 0.0053703723 | K101: =IFERROR(G101/E101,"") -> 0.85000018 | L101: =IFERROR(G101/F101,"") -> 0.85000018
C102: Z2-C-CON-5970 | D102: Fix Rebar Columns - Z2 - B2 | E102: 47430 | F102: 47430 | G102: 40316 | H102: =IFERROR(F102/E102,"") -> 1 | I102: =IF(F102/ActivitySum!$C$1300=0%,"",F102/ActivitySum!$C$1300) -> 0.00054678319 | J102: =IF(G102/ActivitySum!$C$1300=0%,"",G102/ActivitySum!$C$1300) -> 0.00046477147 | K102: =IFERROR(G102/E102,"") -> 0.85001054 | L102: =IFERROR(G102/F102,"") -> 0.85001054
... C129: Z2-C-CON-6370 | D129: Fix MEP Containment & Provisions - Z2 - GF | E129: 5440 | F129: 1360 | G129: 2543 | H129: =IFERROR(F129/E129,"") -> 0.25 | I129: =IF(F129/ActivitySum!$C$1300=0%,"",F129/ActivitySum!$C$1300) -> 1.5678371e-05 | J129: =IF(G129/ActivitySum!$C$1300=0%,"",G129/ActivitySum!$C$1300) -> 2.9316248e-05 | K129: =IFERROR(G129/E129,"") -> 0.46746324 | L129: =IFERROR(G129/F129,"") -> 1.8698529
B130: Div 10 | C130: Z2-C-CON-5940 | D130: Fix MEP Provisions - Z2 - Raft | E130: 10500 | F130: 10500 | G130: 8925 | H130: =IFERROR(F130/E130,"") -> 1 | I130: =IF(F130/ActivitySum!$C$1300=0%,"",F130/ActivitySum!$C$1300) -> 0.00012104625 | J130: =IF(G130/ActivitySum!$C$1300=0%,"",G130/ActivitySum!$C$1300) -> 0.00010288931 | K130: =IFERROR(G130/E130,"") -> 0.85 | L130: =IFERROR(G130/F130,"") -> 0.85
A131: Z3 | B131: Div 03 | C131: Z3-C-CON-5840 | D131: PCC Blind Concrete - Z3 - Lift Pit | E131: 8610 | F131: 8610 | G131: 172 | H131: =IFERROR(F131/E131,"") -> 1 | I131: =IF(F131/ActivitySum!$C$1300=0%,"",F131/ActivitySum!$C$1300) -> 9.9257922e-05 | J131: =IF(G131/ActivitySum!$C$1300=0%,"",G131/ActivitySum!$C$1300) -> 1.9828528e-06 | K131: =IFERROR(G131/E131,"") -> 0.019976771 | L131: =IFERROR(G131/F131,"") -> 0.019976771
C132: Z3-C-CON-5850 | D132: Waterproof Membrane - Z3 - Lift Pit | E132: 51140 | F132: 51140 | G132: 1023 | H132: =IFERROR(F132/E132,"") -> 1 | I132: =IF(F132/ActivitySum!$C$1300=0%,"",F132/ActivitySum!$C$1300) -> 0.00058955286 | J132: =IF(G132/ActivitySum!$C$1300=0%,"",G132/ActivitySum!$C$1300) -> 1.1793363e-05 | K132: =IFERROR(G132/E132,"") -> 0.020003911 | L132: =IFERROR(G132/F132,"") -> 0.020003911
C133: Z3-C-CON-5860 | D133: Protection Screed - Z3 - Lift Pit | E133: 5490 | F133: 5490 | G133: 55 | H133: =IFERROR(F133/E133,"") -> 1 | I133: =IF(F133/ActivitySum!$C$1300=0%,"",F133/ActivitySum!$C$1300) -> 6.3289894e-05 | J133: =IF(G133/ActivitySum!$C$1300=0%,"",G133/ActivitySum!$C$1300) -> 6.3405177e-07 | K133: =IFERROR(G133/E133,"") -> 0.010018215 | L133: =IFERROR(G133/F133,"") -> 0.010018215
C134: Z3-C-CON-5870 | D134: Fix Rebar - Z3 - Lift Pit | E134: 15185 | F134: 15185 | G134: 152 | H134: =IFERROR(F134/E134,"") -> 1 | I134: =IF(F134/ActivitySum!$C$1300=0%,"",F134/ActivitySum!$C$1300) -> 0.00017505593 | J134: =IF(G134/ActivitySum!$C$1300=0%,"",G134/ActivitySum!$C$1300) -> 1.7522885e-06 | K134: =IFERROR(G134/E134,"") -> 0.010009878 | L134: =IFERROR(G134/F134,"") -> 0.010009878
C135: Z3-C-CON-5890 | D135: Pour Concrete - Z3 - Lift Pit | E135: 15186 | F135: 15186 | G135: 3227 | H135: =IFERROR(F135/E135,"") -> 1 | I135: =IF(F135/ActivitySum!$C$1300=0%,"",F135/ActivitySum!$C$1300) -> 0.00017506746 | J135: =IF(G135/ActivitySum!$C$1300=0%,"",G135/ActivitySum!$C$1300) -> 3.7201546e-05 | K135: =IFERROR(G135/E135,"") -> 0.21249835 | L135: =IFERROR(G135/F135,"") -> 0.21249835
C136: Z3-C-CON-5900 | D136: PCC Blind Concrete - Z3 - Raft | E136: 345090 | F136: 345090 | G136: 293326 | H136: =IFERROR(F136/E136,"") -> 1 | I136: =IF(F136/ActivitySum!$C$1300=0%,"",F136/ActivitySum!$C$1300) -> 0.0039782713 | J136: =IF(G136/ActivitySum!$C$1300=0%,"",G136/ActivitySum!$C$1300) -> 0.0033815249 | K136: =IFERROR(G136/E136,"") -> 0.84999855 | L136: =IFERROR(G136/F136,"") -> 0.84999855
C137: Z3-C-CON-5910 | D137: Waterproof Membrane - Z3 - Raft | E137: 27450 | F137: 27450 | G137: 23332 | H137: =IFERROR(F137/E137,"") -> 1 | I137: =IF(F137/ActivitySum!$C$1300=0%,"",F137/ActivitySum!$C$1300) -> 0.00031644947 | J137: =IF(G137/ActivitySum!$C$1300=0%,"",G137/ActivitySum!$C$1300) -> 0.00026897629 | K137: =IFERROR(G137/E137,"") -> 0.84998179 | L137: =IFERROR(G137/F137,"") -> 0.84998179
C138: Z3-C-CON-5920 | D138: Protection Screed - Z3 - Raft | E138: 255701 | F138: 255701 | G138: 217345 | H138: =IFERROR(F138/E138,"") -> 1 | I138: =IF(F138/ActivitySum!$C$1300=0%,"",F138/ActivitySum!$C$1300) -> 0.0029477758 | J138: =IF(G138/ActivitySum!$C$1300=0%,"",G138/ActivitySum!$C$1300) -> 0.0025055997 | K138: =IFERROR(G138/E138,"") -> 0.84999668 | L138: =IFERROR(G138/F138,"") -> 0.84999668
C139: Z3-C-CON-5930 | D139: Fix Rebar - Z3 - Raft | E139: 544585 | F139: 544585 | G139: 462897 | H139: =IFERROR(F139/E139,"") -> 1 | I139: =IF(F139/ActivitySum!$C$1300=0%,"",F139/ActivitySum!$C$1300) -> 0.0062780924 | J139: =IF(G139/ActivitySum!$C$1300=0%,"",G139/ActivitySum!$C$1300) -> 0.0053363756 | K139: =IFERROR(G139/E139,"") -> 0.84999954 | L139: =IFERROR(G139/F139,"") -> 0.84999954
C140: Z3-C-CON-5950 | D140: Fix Formwork - Z3 - Raft | E140: 30992 | F140: 30992 | G140: 26342 | H140: =IFERROR(F140/E140,"") -> 1 | I140: =IF(F140/ActivitySum!$C$1300=0%,"",F140/ActivitySum!$C$1300) -> 0.00035728241 | J140: =IF(G140/ActivitySum!$C$1300=0%,"",G140/ActivitySum!$C$1300) -> 0.00030367621 | K140: =IFERROR(G140/E140,"") -> 0.84996128 | L140: =IFERROR(G140/F140,"") -> 0.84996128
C141: Z3-C-CON-5960 | D141: Pour Concrete - Z3 - Raft | E141: 548054 | F141: 548054 | G141: 465846 | H141: =IFERROR(F141/E141,"") -> 1 | I141: =IF(F141/ActivitySum!$C$1300=0%,"",F141/ActivitySum!$C$1300) -> 0.0063180838 | J141: =IF(G141/ActivitySum!$C$1300=0%,"",G141/ActivitySum!$C$1300) -> 0.0053703723 | K141: =IFERROR(G141/E141,"") -> 0.85000018 | L141: =IFERROR(G141/F141,"") -> 0.85000018
C142: Z3-C-CON-5970 | D142: Fix Rebar Columns - Z3 - B2 | E142: 47431 | F142: 47431 | G142: 40316 | H142: =IFERROR(F142/E142,"") -> 1 | I142: =IF(F142/ActivitySum!$C$1300=0%,"",F142/ActivitySum!$C$1300) -> 0.00054679471 | J142: =IF(G142/ActivitySum!$C$1300=0%,"",G142/ActivitySum!$C$1300) -> 0.00046477147 | K142: =IFERROR(G142/E142,"") -> 0.84999262 | L142: =IFERROR(G142/F142,"") -> 0.84999262
C143: Z3-C-CON-5980 | D143: Fix Formwork Columns - Z3 - B2 | E143: 23716 | F143: 23716 | G143: 3225 | H143: =IFERROR(F143/E143,"") -> 1 | I143: =IF(F143/ActivitySum!$C$1300=0%,"",F143/ActivitySum!$C$1300) -> 0.00027340312 | J143: =IF(G143/ActivitySum!$C$1300=0%,"",G143/ActivitySum!$C$1300) -> 3.717849e-05 | K143: =IFERROR(G143/E143,"") -> 0.13598415 | L143: =IFERROR(G143/F143,"") -> 0.13598415
... C167: Z3-C-CON-6340 | D167: Fix Formwork Slabs - Z3 - GF | E167: 129638 | F167: 64819 | G167: 68384 | H167: =IFERROR(F167/E167,"") -> 0.5 | I167: =IF(F167/ActivitySum!$C$1300=0%,"",F167/ActivitySum!$C$1300) -> 0.0007472473 | J167: =IF(G167/ActivitySum!$C$1300=0%,"",G167/ActivitySum!$C$1300) -> 0.00078834538 | K167: =IFERROR(G167/E167,"") -> 0.52749965 | L167: =IFERROR(G167/F167,"") -> 1.0549993
B168: Div 10 | C168: Z3-C-CON-5940 | D168: Fix MEP Provisions - Z3 - Raft | E168: 10500 | F168: 10500 | G168: 8925 | H168: =IFERROR(F168/E168,"") -> 1 | I168: =IF(F168/ActivitySum!$C$1300=0%,"",F168/ActivitySum!$C$1300) -> 0.00012104625 | J168: =IF(G168/ActivitySum!$C$1300=0%,"",G168/ActivitySum!$C$1300) -> 0.00010288931 | K168: =IFERROR(G168/E168,"") -> 0.85 | L168: =IFERROR(G168/F168,"") -> 0.85
A169: Grand Total | E169: 26999955 | F169: 24103569 | G169: 28655486 | H169: =IFERROR(F169/E169,"") -> 0.89272627 | I169: =IF(F169/ActivitySum!$C$1300=0%,"",F169/ActivitySum!$C$1300) -> 0.2778711 | J169: =IF(G169/ActivitySum!$C$1300=0%,"",G169/ActivitySum!$C$1300) -> 0.33034657 | K169: =IFERROR(G169/E169,"") -> 1.0613161 | L169: =IFERROR(G169/F169,"") -> 1.1888483
H170: =IFERROR(F170/E170,"") | I170: =IF(F170/ActivitySum!$C$1300=0%,"",F170/ActivitySum!$C$1300) | J170: =IF(G170/ActivitySum!$C$1300=0%,"",G170/ActivitySum!$C$1300) | K170: =IFERROR(G170/E170,"") | L170: =IFERROR(G170/F170,"")
H171: =IFERROR(F171/E171,"") | I171: =IF(F171/ActivitySum!$C$1300=0%,"",F171/ActivitySum!$C$1300) | J171: =IF(G171/ActivitySum!$C$1300=0%,"",G171/ActivitySum!$C$1300) | K171: =IFERROR(G171/E171,"") | L171: =IFERROR(G171/F171,"")
H172: =IFERROR(F172/E172,"") | I172: =IF(F172/ActivitySum!$C$1300=0%,"",F172/ActivitySum!$C$1300) | J172: =IF(G172/ActivitySum!$C$1300=0%,"",G172/ActivitySum!$C$1300) | K172: =IFERROR(G172/E172,"") | L172: =IFERROR(G172/F172,"")
H173: =IFERROR(F173/E173,"") | I173: =IF(F173/ActivitySum!$C$1300=0%,"",F173/ActivitySum!$C$1300) | J173: =IF(G173/ActivitySum!$C$1300=0%,"",G173/ActivitySum!$C$1300) | K173: =IFERROR(G173/E173,"") | L173: =IFERROR(G173/F173,"")
H174: =IFERROR(F174/E174,"") | I174: =IF(F174/ActivitySum!$C$1300=0%,"",F174/ActivitySum!$C$1300) | J174: =IF(G174/ActivitySum!$C$1300=0%,"",G174/ActivitySum!$C$1300) | K174: =IFERROR(G174/E174,"") | L174: =IFERROR(G174/F174,"")
H175: =IFERROR(F175/E175,"") | I175: =IF(F175/ActivitySum!$C$1300=0%,"",F175/ActivitySum!$C$1300) | J175: =IF(G175/ActivitySum!$C$1300=0%,"",G175/ActivitySum!$C$1300) | K175: =IFERROR(G175/E175,"") | L175: =IFERROR(G175/F175,"")
H176: =IFERROR(F176/E176,"") | I176: =IF(F176/ActivitySum!$C$1300=0%,"",F176/ActivitySum!$C$1300) | J176: =IF(G176/ActivitySum!$C$1300=0%,"",G176/ActivitySum!$C$1300) | K176: =IFERROR(G176/E176,"") | L176: =IFERROR(G176/F176,"")
H177: =IFERROR(F177/E177,"") | I177: =IF(F177/ActivitySum!$C$1300=0%,"",F177/ActivitySum!$C$1300) | J177: =IF(G177/ActivitySum!$C$1300=0%,"",G177/ActivitySum!$C$1300) | K177: =IFERROR(G177/E177,"") | L177: =IFERROR(G177/F177,"")
H178: =IFERROR(F178/E178,"") | I178: =IF(F178/ActivitySum!$C$1300=0%,"",F178/ActivitySum!$C$1300) | J178: =IF(G178/ActivitySum!$C$1300=0%,"",G178/ActivitySum!$C$1300) | K178: =IFERROR(G178/E178,"") | L178: =IFERROR(G178/F178,"")
H179: =IFERROR(F179/E179,"") | I179: =IF(F179/ActivitySum!$C$1300=0%,"",F179/ActivitySum!$C$1300) | J179: =IF(G179/ActivitySum!$C$1300=0%,"",G179/ActivitySum!$C$1300) | K179: =IFERROR(G179/E179,"") | L179: =IFERROR(G179/F179,"")
H180: =IFERROR(F180/E180,"") | I180: =IF(F180/ActivitySum!$C$1300=0%,"",F180/ActivitySum!$C$1300) | J180: =IF(G180/ActivitySum!$C$1300=0%,"",G180/ActivitySum!$C$1300) | K180: =IFERROR(G180/E180,"") | L180: =IFERROR(G180/F180,"")
H181: =IFERROR(F181/E181,"") | I181: =IF(F181/ActivitySum!$C$1300=0%,"",F181/ActivitySum!$C$1300) | J181: =IF(G181/ActivitySum!$C$1300=0%,"",G181/ActivitySum!$C$1300) | K181: =IFERROR(G181/E181,"") | L181: =IFERROR(G181/F181,"")
... H1286: =IFERROR(F1286/E1286,"") | I1286: =IF(F1286/ActivitySum!$C$1300=0%,"",F1286/ActivitySum!$C$1300) | J1286: =IF(G1286/ActivitySum!$C$1300=0%,"",G1286/ActivitySum!$C$1300) | K1286: =IFERROR(G1286/E1286,"") | L1286: =IFERROR(G1286/F1286,"")

Sheet Weekly Cost Summary
A1: Project Name | F1: Weekly Progress Cost Summary | N1: Data Date: | P1: =INDEX(WeekDates[WeekDates],MATCH('Weekly Cost Summary'!$P$2,WeekDates[WeekID],)) -> 44192
A2: Location | N2: Current Week | P2: =MAX(U:U) -> 48
A3: BOQ Item Wise Summary | N3: Total Weeks | P3: 114
A4: 1817-BOQ Summary | B4: Budget Cost (AED) | C4: Planned Cost (AED) | D4: Earned Cost (AED) | E4: Planned Cost % | F4: Actual Cost % | I4: =A4 -> 1817-BOQ Summary | J4: =B4 -> Budget Cost (AED) | K4: =C4 -> Planned Cost (AED) | L4: =D4 -> Earned Cost (AED) | M4: =E4 -> Planned Cost %
A5: Div 01 | B5: 5594621 | C5: 2884132 | D5: 16042570 | E5: =C5/B5 -> 0.51551875 | F5: =D5/B5 -> 2.867499 | I5: =A5 -> Div 01 | J5: =B5 -> 5594621 | K5: =C5 -> 2884132 | L5: =D5 -> 16042570 | M5: =E5 -> 0.51551875
A6: Div 02 | B6: 8101845 | C6: 7902343 | D6: 6076794 | E6: =C6/B6 -> 0.97537573 | F6: =D6/B6 -> 0.75005064 | I6: =A6 -> Div 02 | J6: =B6 -> 8101845 | K6: =C6 -> 7902343 | L6: =D6 -> 6076794 | M6: =E6 -> 0.97537573
A7: Div 03 | B7: 26658801 | C7: 13256744 | D7: 8407576 | E7: =C7/B7 -> 0.49727458 | F7: =D7/B7 -> 0.31537712 | I7: =A7 -> Div 03 | J7: =B7 -> 26658801 | K7: =C7 -> 13256744 | L7: =D7 -> 8407576 | M7: =E7 -> 0.49727458 | U7: Row Labels | V7: Sum of WeekID
A8: Div 04 | B8: 1709702 | C8: 3061 | D8: 142628 | E8: =C8/B8 -> 0.0017903705 | F8: =D8/B8 -> 0.083422725 | I8: =A8 -> Div 04 | J8: =B8 -> 1709702 | K8: =C8 -> 3061 | L8: =D8 -> 142628 | M8: =E8 -> 0.0017903705 | U8: 1 | V8: 1
A9: Div 05 | B9: 432738 | D9: 210 | E9: =C9/B9 -> 0 | F9: =D9/B9 -> 0.00048528209 | I9: =A9 -> Div 05 | J9: =B9 -> 432738 | K9: =C9 -> 0 | L9: =D9 -> 210 | M9: =E9 -> 0 | U9: 2 | V9: 2
A10: Div 06 | B10: 358000 | E10: =C10/B10 -> 0 | F10: =D10/B10 -> 0 | I10: =A10 -> Div 06 | J10: =B10 -> 358000 | K10: =C10 -> 0 | L10: =D10 -> 0 | M10: =E10 -> 0 | U10: 3 | V10: 3
A11: Div 07 | B11: 1024731 | E11: =C11/B11 -> 0 | F11: =D11/B11 -> 0 | I11: =A11 -> Div 07 | J11: =B11 -> 1024731 | K11: =C11 -> 0 | L11: =D11 -> 0 | M11: =E11 -> 0 | U11: 4 | V11: 4
A12: Div 08 | B12: 2748699 | D12: 66857 | E12: =C12/B12 -> 0 | F12: =D12/B12 -> 0.024323143 | I12: =A12 -> Div 08 | J12: =B12 -> 2748699 | K12: =C12 -> 0 | L12: =D12 -> 66857 | M12: =E12 -> 0 | U12: 5 | V12: 5
A13: Div 09 | B13: 8267790 | D13: 364084 | E13: =C13/B13 -> 0 | F13: =D13/B13 -> 0.044036435 | I13: =A13 -> Div 09 | J13: =B13 -> 8267790 | K13: =C13 -> 0 | L13: =D13 -> 364084 | M13: =E13 -> 0 | U13: 6 | V13: 6
A14: Div 10 | B14: 2348697 | C14: 42000 | D14: 72343 | E14: =C14/B14 -> 0.017882256 | F14: =D14/B14 -> 0.030801334 | I14: =A14 -> Div 10 | J14: =B14 -> 2348697 | K14: =C14 -> 42000 | L14: =D14 -> 72343 | M14: =E14 -> 0.017882256 | U14: 7 | V14: 7
A15: Div 11 | B15: 1781708 | D15: 155177 | E15: =C15/B15 -> 0 | F15: =D15/B15 -> 0.087094518 | I15: =A15 -> Div 11 | J15: =B15 -> 1781708 | K15: =C15 -> 0 | L15: =D15 -> 155177 | M15: =E15 -> 0 | U15: 8 | V15: 8
A16: Div 12 | B16: 10893557 | D16: 704077 | E16: =C16/B16 -> 0 | F16: =D16/B16 -> 0.064632424 | I16: =A16 -> Div 12 | J16: =B16 -> 10893557 | K16: =C16 -> 0 | L16: =D16 -> 704077 | M16: =E16 -> 0 | U16: 9 | V16: 9
A17: Div 13 | B17: 3801981 | E17: =C17/B17 -> 0 | F17: =D17/B17 -> 0 | I17: =A17 -> Div 13 | J17: =B17 -> 3801981 | K17: =C17 -> 0 | L17: =D17 -> 0 | M17: =E17 -> 0 | U17: 10 | V17: 10
A18: Div 14 | B18: 148097 | E18: =C18/B18 -> 0 | F18: =D18/B18 -> 0 | I18: =A18 -> Div 14 | J18: =B18 -> 148097 | K18: =C18 -> 0 | L18: =D18 -> 0 | M18: =E18 -> 0 | U18: 11 | V18: 11
A19: Div 15 | B19: 12872739 | C19: 15289 | D19: 397660 | E19: =C19/B19 -> 0.0011877037 | F19: =D19/B19 -> 0.030891639 | I19: =A19 -> Div 15 | J19: =B19 -> 12872739 | K19: =C19 -> 15289 | L19: =D19 -> 397660 | M19: =E19 -> 0.0011877037 | U19: 12 | V19: 12
A20: Grand Total | B20: 86743706 | C20: 24103569 | D20: 32429976 | E20: =C20/B20 -> 0.2778711 | F20: =D20/B20 -> 0.3738597 | I20: =A20 -> Grand Total | J20: =B20 -> 86743706 | K20: =C20 -> 24103569 | L20: =D20 -> 32429976 | M20: =E20 -> 0.2778711 | U20: 13 | V20: 13
U21: 14 | V21: 14
A22: Trade Item Wise Summary | U22: 15 | V22: 15
A23: 1817-Trade | B23: Budget Cost (AED) | C23: Planned Cost (AED) | D23: Earned Cost (AED) | E23: Planned Cost % | F23: Actual Cost % | I23: =A23 -> 1817-Trade | J23: =B23 -> Budget Cost (AED) | K23: =C23 -> Planned Cost (AED) | L23: =D23 -> Earned Cost (AED) | M23: =E23 -> Planned Cost % | N23: =F23 -> Actual Cost % | U23: 16 | V23: 16
A24: Anti-Fungal & Carbonation | B24: 572734 | D24: 184292 | E24: =C24/B24 -> 0 | F24: =D24/B24 -> 0.3217759 | I24: =A24 -> Anti-Fungal & Carbonation | J24: =B24 -> 572734 | K24: =C24 -> 0 | L24: =D24 -> 184292 | M24: =E24 -> 0 | N24: =F24 -> 0.3217759 | U24: 17 | V24: 17
A25: Ceramic | B25: 355680 | E25: =C25/B25 -> 0 | F25: =D25/B25 -> 0 | I25: =A25 -> Ceramic | J25: =B25 -> 355680 | K25: =C25 -> 0 | L25: =D25 -> 0 | M25: =E25 -> 0 | N25: =F25 -> 0 | U25: 18 | V25: 18
A26: Concrete | B26: 26658801 | C26: 13256744 | D26: 8407576 | E26: =C26/B26 -> 0.49727458 | F26: =D26/B26 -> 0.31537712 | I26: =A26 -> Concrete | J26: =B26 -> 26658801 | K26: =C26 -> 13256744 | L26: =D26 -> 8407576 | M26: =E26 -> 0.49727458 | N26: =F26 -> 0.31537712 | U26: 19 | V26: 19
A27: Conveying System | B27: 3801981 | E27: =C27/B27 -> 0 | F27: =D27/B27 -> 0 | I27: =A27 -> Conveying System | J27: =B27 -> 3801981 | K27: =C27 -> 0 | L27: =D27 -> 0 | M27: =E27 -> 0 | N27: =F27 -> 0 | U27: 20 | V27: 20
A28: Doors | B28: 969680 | D28: 66857 | E28: =C28/B28 -> 0 | F28: =D28/B28 -> 0.068947488 | I28: =A28 -> Doors | J28: =B28 -> 969680 | K28: =C28 -> 0 | L28: =D28 -> 66857 | M28: =E28 -> 0 | N28: =F28 -> 0.068947488 | U28: 21 | V28: 21
A29: Electrical | B29: 12872739 | C29: 15289 | D29: 397660 | E29: =C29/B29 -> 0.0011877037 | F29: =D29/B29 -> 0.030891639 | I29: =A29 -> Electrical | J29: =B29 -> 12872739 | K29: =C29 -> 15289 | L29: =D29 -> 397660 | M29: =E29 -> 0.0011877037 | N29: =F29 -> 0.030891639 | U29: 22 | V29: 22
A30: Epoxy & Traffic Coating | B30: 975846 | D30: 6766 | E30: =C30/B30 -> 0 | F30: =D30/B30 -> 0.0069334711 | I30: =A30 -> Epoxy & Traffic Coating | J30: =B30 -> 975846 | K30: =C30 -> 0 | L30: =D30 -> 6766 | M30: =E30 -> 0 | N30: =F30 -> 0.0069334711 | U30: 23 | V30: 23
A31: False Ceiling | B31: 1052294 | D31: 448 | E31: =C31/B31 -> 0 | F31: =D31/B31 -> 0.00042573653 | I31: =A31 -> False Ceiling | J31: =B31 -> 1052294 | K31: =C31 -> 0 | L31: =D31 -> 448 | M31: =E31 -> 0 | N31: =F31 -> 0.00042573653 | U31: 24 | V31: 24
A32: Fire Fighting | B32: 1781708 | D32: 155177 | E32: =C32/B32 -> 0 | F32: =D32/B32 -> 0.087094518 | I32: =A32 -> Fire Fighting | J32: =B32 -> 1781708 | K32: =C32 -> 0 | L32: =D32 -> 155177 | M32: =E32 -> 0 | N32: =F32 -> 0.087094518 | U32: 25 | V32: 25
A33: Glazing | B33: 1644464 | E33: =C33/B33 -> 0 | F33: =D33/B33 -> 0 | I33: =A33 -> Glazing | J33: =B33 -> 1644464 | K33: =C33 -> 0 | L33: =D33 -> 0 | M33: =E33 -> 0 | N33: =F33 -> 0 | U33: 26 | V33: 26
A34: HVAC | B34: 10893557 | D34: 704077 | E34: =C34/B34 -> 0 | F34: =D34/B34 -> 0.064632424 | I34: =A34 -> HVAC | J34: =B34 -> 10893557 | K34: =C34 -> 0 | L34: =D34 -> 704077 | M34: =E34 -> 0 | N34: =F34 -> 0.064632424 | U34: 27 | V34: 27
A35: LPG System | B35: 148097 | E35: =C35/B35 -> 0 | F35: =D35/B35 -> 0 | I35: =A35 -> LPG System | J35: =B35 -> 148097 | K35: =C35 -> 0 | L35: =D35 -> 0 | M35: =E35 -> 0 | N35: =F35 -> 0 | U35: 28 | V35: 28
A36: Masonry | B36: 1709702 | C36: 3061 | D36: 142628 | E36: =C36/B36 -> 0.0017903705 | F36: =D36/B36 -> 0.083422725 | I36: =A36 -> Masonry | J36: =B36 -> 1709702 | K36: =C36 -> 3061 | L36: =D36 -> 142628 | M36: =E36 -> 0.0017903705 | N36: =F36 -> 0.083422725 | U36: 29 | V36: 29
A37: Natural Stone | B37: 2149353 | E37: =C37/B37 -> 0 | F37: =D37/B37 -> 0 | I37: =A37 -> Natural Stone | J37: =B37 -> 2149353 | K37: =C37 -> 0 | L37: =D37 -> 0 | M37: =E37 -> 0 | N37: =F37 -> 0 | U37: 30 | V37: 30
A38: Others Finishes | B38: 2559272 | D38: 210 | E38: =C38/B38 -> 0 | F38: =D38/B38 -> 8.2054584e-05 | I38: =A38 -> Others Finishes | J38: =B38 -> 2559272 | K38: =C38 -> 0 | L38: =D38 -> 210 | M38: =E38 -> 0 | N38: =F38 -> 8.2054584e-05 | U38: 31 | V38: 31
A39: Paint | B39: 354486 | D39: 38876 | E39: =C39/B39 -> 0 | F39: =D39/B39 -> 0.10966865 | I39: =A39 -> Paint | J39: =B39 -> 354486 | K39: =C39 -> 0 | L39: =D39 -> 38876 | M39: =E39 -> 0 | N39: =F39 -> 0.10966865 | U39: 32 | V39: 32
A40: Plaster | B40: 908192 | D40: 126439 | E40: =C40/B40 -> 0 | F40: =D40/B40 -> 0.13922056 | I40: =A40 -> Plaster | J40: =B40 -> 908192 | K40: =C40 -> 0 | L40: =D40 -> 126439 | M40: =E40 -> 0 | N40: =F40 -> 0.13922056 | U40: 33 | V40: 33
A41: Plumbing | B41: 2348697 | C41: 42000 | D41: 72343 | E41: =C41/B41 -> 0.017882256 | F41: =D41/B41 -> 0.030801334 | I41: =A41 -> Plumbing | J41: =B41 -> 2348697 | K41: =C41 -> 42000 | L41: =D41 -> 72343 | M41: =E41 -> 0.017882256 | N41: =F41 -> 0.030801334 | U41: 34 | V41: 34
A42: Porcelain | B42: 1017975 | D42: 7263 | E42: =C42/B42 -> 0 | F42: =D42/B42 -> 0.0071347528 | I42: =A42 -> Porcelain | J42: =B42 -> 1017975 | K42: =C42 -> 0 | L42: =D42 -> 7263 | M42: =E42 -> 0 | N42: =F42 -> 0.0071347528 | U42: 35 | V42: 35
A43: Prelims | B43: 5594621 | C43: 2884132 | D43: 16042570 | E43: =C43/B43 -> 0.51551875 | F43: =D43/B43 -> 2.867499 | I43: =A43 -> Prelims | J43: =B43 -> 5594621 | K43: =C43 -> 2884132 | L43: =D43 -> 16042570 | M43: =E46 -> 0.2778711 | N43: =F46 -> 0.3738597 | U43: 36 | V43: 36
A44: Site Works | B44: 8101845 | C44: 7902343 | D44: 6076794 | E44: =C44/B44 -> 0.97537573 | F44: =D44/B44 -> 0.75005064 | U44: 37 | V44: 37
A45: Terrazo Tiles | B45: 271982 | E45: =C45/B45 -> 0 | F45: =D45/B45 -> 0 | U45: 38 | V45: 38
A46: Grand Total | B46: 86743706 | C46: 24103569 | D46: 32429976 | E46: =C46/B46 -> 0.2778711 | F46: =D46/B46 -> 0.3738597 | U46: 39 | V46: 39
U47: 40 | V47: 40
U48: 41 | V48: 41
U49: 42 | V49: 42
U50: 43 | V50: 43
U51: 44 | V51: 44
U52: 45 | V52: 45
U53: 46 | V53: 46
U54: 47 | V54: 47
U55: 48 | V55: 48
U56: Grand Total | V56: 1176

Sheet WeeklyPlanned
A1: ='Weekly Cost Summary'!A1 -> Project Name | G1: ='Weekly Cost Summary'!N1 -> Data Date: | I1: ='Weekly Cost Summary'!P1 -> 44192 | P1: Note: This report is not for printing, use it for only analysis purpose
A2: ='Weekly Cost Summary'!A2 -> Location | G2: ='Weekly Cost Summary'!N2 -> Current Week | I2: ='Weekly Cost Summary'!P2 -> 48
G3: ='Weekly Cost Summary'!N3 -> Total Weeks | I3: ='Weekly Cost Summary'!P3 -> 114
A4: Sum of WeeklyPlannedCost | B4: Week ID
A5: Row Labels | B5: 1 | C5: 2 | D5: 3 | E5: 4 | F5: 5 | G5: 6 | H5: 7 | I5: 8 | J5: 9 | K5: 10 | L5: 11 | M5: 12 | N5: 13 | O5: 14 | P5: 15 | Q5: 16 | R5: 17 | S5: 18 | T5: 19 | U5: 20 | V5: 21 | W5: 22 | X5: 23 | Y5: 24 | Z5: 25 | AA5: 26 | AB5: 27 | AC5: 28 | AD5: 29 | AE5: 30 | AF5: 31 | AG5: 32 | AH5: 33 | AI5: 34 | AJ5: 35 | AK5: 36 | AL5: 37 | AM5: 38 | AN5: 39 | AO5: 40 | AP5: 41 | AQ5: 42 | AR5: 43 | AS5: 44 | AT5: 45 | AU5: 46 | AV5: 47 | AW5: 48 | AX5: 49 | AY5: 50 | AZ5: 51 | BA5: 52 | BB5: 53 | BC5: 54 | BD5: 55 | BE5: 56 | BF5: 57 | BG5: 58 | BH5: 59 | BI5: 60 | BJ5: 61 | BK5: 62 | BL5: 63 | BM5: 64 | BN5: 65 | BO5: 66 | BP5: 67 | BQ5: 68 | BR5: 69 | BS5: 70 | BT5: 71 | BU5: 72 | BV5: 73 | BW5: 74 | BX5: 75 | BY5: 76 | BZ5: 77 | CA5: 78 | CB5: 79 | CC5: 80 | CD5: 81 | CE5: 82 | CF5: 83 | CG5: 84 | CH5: 85 | CI5: 86 | CJ5: 87 | CK5: 88 | CL5: 89 | CM5: 90 | CN5: 91 | CO5: 92 | CP5: 93 | CQ5: 94 | CR5: 95 | CS5: 96 | CT5: 97 | CU5: 98 | CV5: 99 | CW5: 100 | CX5: 101 | CY5: 102 | CZ5: 103 | DA5: 104 | DB5: 105 | DC5: 106 | DD5: 107 | DE5: 108 | DF5: 109 | DG5: 110 | DH5: 111 | DI5: 112 | DJ5: 113 | DK5: Grand Total
A6: Div 01 | B6: 399657 | C6: 343402 | D6: 293013 | E6: 41068 | F6: 41068 | G6: 41068 | H6: 41068 | I6: 41068 | J6: 41068 | K6: 41068 | L6: 41068 | M6: 41068 | N6: 41068 | O6: 41068 | P6: 41068 | Q6: 41068 | R6: 41068 | S6: 41068 | T6: 41068 | U6: 41068 | V6: 41068 | W6: 41068 | X6: 41068 | Y6: 41068 | Z6: 41068 | AA6: 41068 | AB6: 41068 | AC6: 41068 | AD6: 41068 | AE6: 41068 | AF6: 41068 | AG6: 41068 | AH6: 41068 | AI6: 41068 | AJ6: 41068 | AK6: 41068 | AL6: 41068 | AM6: 41068 | AN6: 41068 | AO6: 41068 | AP6: 41068 | AQ6: 41068 | AR6: 41068 | AS6: 41068 | AT6: 41068 | AU6: 41068 | AV6: 41068 | AW6: 41068 | AX6: 41068 | AY6: 41068 | AZ6: 41068 | BA6: 41068 | BB6: 41068 | BC6: 41068 | BD6: 41068 | BE6: 41068 | BF6: 41068 | BG6: 41068 | BH6: 41068 | BI6: 41068 | BJ6: 41068 | BK6: 41068 | BL6: 41068 | BM6: 41068 | BN6: 41068 | BO6: 41068 | BP6: 41068 | BQ6: 41068 | BR6: 41068 | BS6: 41068 | BT6: 41068 | BU6: 41068 | BV6: 41068 | BW6: 41068 | BX6: 41068 | BY6: 41068 | BZ6: 41068 | CA6: 41068 | CB6: 41068 | CC6: 41068 | CD6: 41068 | CE6: 41068 | CF6: 41068 | CG6: 41068 | CH6: 41068 | CI6: 41068 | CJ6: 41068 | CK6: 41068 | CL6: 41068 | CM6: 41068 | CN6: 41068 | CO6: 41068 | CP6: 41068 | CQ6: 41068 | CR6: 41068 | CS6: 41068 | CT6: 41068 | CU6: 41068 | CV6: 41068 | CW6: 41068 | CX6: 41068 | CY6: 41068 | CZ6: 41068 | DA6: 41068 | DB6: 41068 | DC6: 41068 | DD6: 41068 | DE6: 41068 | DF6: 41068 | DG6: 41068 | DH6: 41068 | DI6: 41068 | DJ6: 82136 | DK6: 5594620
A7: Div 02 | B7: 37445 | C7: 83238 | D7: 63596 | E7: 65947 | F7: 97350 | G7: 48675 | H7: 736404 | I7: 801304 | J7: 926172 | K7: 855389 | L7: 880926 | M7: 907266 | N7: 711928 | O7: 284140 | P7: 270956 | Q7: 252879 | R7: 134040 | S7: 195164 | T7: 164121 | U7: 110115 | V7: 110115 | W7: 110115 | X7: 55058 | CV7: 66500 | CW7: 83125 | CX7: 49875 | DK7: 8101843
A8: Div 03 | R8: 60808 | S8: 160110 | T8: 82367 | U8: 102591 | V8: 200574 | W8: 227653 | X8: 441360 | Y8: 402218 | Z8: 1189865 | AA8: 103749 | AB8: 241187 | AC8: 1015923 | AD8: 710463 | AE8: 499206 | AF8: 297029 | AG8: 870568 | AH8: 429304 | AI8: 520711 | AJ8: 1095272 | AK8: 212253 | AL8: 254008 | AM8: 346374 | AN8: 302519 | AO8: 434363 | AP8: 278227 | AQ8: 323802 | AR8: 520016 | AS8: 138241 | AT8: 365514 | AU8: 709434 | AV8: 313272 | AW8: 407763 | AX8: 634449 | AY8: 392444 | AZ8: 617825 | BA8: 403528 | BB8: 623397 | BC8: 439392 | BD8: 553885 | BE8: 357886 | BF8: 499755 | BG8: 324699 | BH8: 306656 | BI8: 576046 | BJ8: 310296 | BK8: 730982 | BL8: 348162 | BM8: 884597 | BN8: 329619 | BO8: 270932 | BP8: 265517 | BQ8: 182736 | BR8: 254560 | BS8: 251168 | BT8: 558899 | BU8: 383608 | BV8: 742782 | BW8: 496689 | BX8: 615602 | BY8: 514046 | BZ8: 39364 | CA8: 157083 | CB8: 91611 | CC8: 41318 | CD8: 64203 | CE8: 87538 | CF8: 50783 | DK8: 26658801
A9: Div 04 | AU9: 612 | AV9: 1837 | AW9: 612 | BA9: 2756 | BB9: 7905 | BC9: 18203 | BD9: 6068 | BE9: 95758 | BF9: 95758 | BG9: 45571 | BH9: 27305 | BI9: 23171 | BJ9: 111718 | BK9: 111718 | BL9: 103391 | BM9: 61758 | BN9: 61758 | BO9: 10293 | BP9: 14879 | BQ9: 44637 | BR9: 44637 | BS9: 48418 | BT9: 72628 | BU9: 48418 | BW9: 108942 | BX9: 108942 | BY9: 54472 | BZ9: 19455 | CA9: 58365 | CB9: 49286 | CC9: 77820 | CD9: 93384 | CE9: 46692 | CF9: 9296 | CG9: 23239 | DK9: 1709702
A10: Div 05 | AX10: 600 | BF10: 600 | CK10: 30300 | CL10: 30300 | CM10: 10100 | CN10: 18877 | CO10: 47397 | CP10: 53961 | CQ10: 29682 | CR10: 12721 | CS10: 22114 | CT10: 61371 | CU10: 64595 | CV10: 15286 | CW10: 9167 | CX10: 11000 | CY10: 11000 | CZ10: 3667 | DK10: 432738
A11: Div 06 | CF11: 12786 | CG11: 76714 | CH11: 63929 | CI11: 25571 | CL11: 25571 | CM11: 89500 | CN11: 63929 | DK11: 358000
A12: Div 07 | BL12: 3898 | BR12: 3898 | BW12: 1949 | BX12: 5847 | CA12: 84837 | CB12: 143927 | CC12: 186704 | CD12: 7240 | CE12: 18100 | CF12: 1950 | CG12: 14804 | CH12: 179698 | CI12: 300645 | CJ12: 57590 | CK12: 9746 | CL12: 3898 | DK12: 1024731
A13: Div 08 | BA13: 20822 | BB13: 41643 | BG13: 10411 | BH13: 52053 | BI13: 104105 | BM13: 83284 | BN13: 20821 | BO13: 62463 | BS13: 62463 | BT13: 20821 | BU13: 41643 | BV13: 20822 | BX13: 41642 | BY13: 83284 | CA13: 20821 | CB13: 31232 | CC13: 31232 | CE13: 31232 | CF13: 10410 | CG13: 22335 | CH13: 221174 | CI13: 216058 | CJ13: 226558 | CK13: 219558 | CL13: 233498 | CM13: 197473 | CN13: 228361 | CO13: 234807 | CP13: 44148 | CQ13: 21317 | CR13: 8923 | CS13: 5205 | CT13: 20822 | CU13: 28009 | CV13: 29249 | DK13: 2748699
A14: Div 09 | AX14: 13950 | AY14: 27900 | AZ14: 28182 | BA14: 87557 | BB14: 36569 | BC14: 6975 | BD14: 41851 | BE14: 56618 | BF14: 50177 | BG14: 59241 | BH14: 218166 | BI14: 61973 | BJ14: 43024 | BK14: 57791 | BL14: 84183 | BM14: 67801 | BN14: 69819 | BO14: 53881 | BP14: 26710 | BQ14: 33932 | BR14: 47395 | BS14: 91147 | BT14: 81583 | BU14: 62791 | BV14: 83743 | BW14: 82174 | BX14: 56506 | BY14: 97239 | BZ14: 26295 | CA14: 110667 | CB14: 94726 | CC14: 211359 | CD14: 209279 | CE14: 248653 | CF14: 280559 | CG14: 374489 | CH14: 176017 | CI14: 309924 | CJ14: 181437 | CK14: 540884 | CL14: 477470 | CM14: 376499 | CN14: 421889 | CO14: 403965 | CP14: 416636 | CQ14: 336831 | CR14: 237068 | CS14: 64544 | CT14: 42597 | CU14: 64126 | CV14: 374400 | CW14: 117867 | CX14: 211990 | CY14: 98014 | CZ14: 112234 | DA14: 12809 | DB14: 5684 | DK14: 8267790
A15: Div 10 | Y15: 12600 | Z15: 8400 | AE15: 4375 | AF15: 5250 | AG15: 875 | AH15: 2625 | AI15: 5250 | AJ15: 2625 | BA15: 18956 | BB15: 58418 | BC15: 3105 | BD15: 3105 | BE15: 1035 | BG15: 2825 | BH15: 6442 | BI15: 5352 | BJ15: 5352 | BK15: 5352 | BL15: 9202 | BM15: 10208 | BN15: 75476 | BO15: 229418 | BP15: 113611 | BQ15: 223456 | BR15: 119121 | BS15: 11547 | BT15: 8094 | BU15: 8723 | BV15: 31300 | BW15: 58835 | BX15: 7876 | BY15: 13157 | BZ15: 5105 | CA15: 14474 | CB15: 10417 | CC15: 9811 | CD15: 4874 | CE15: 76137 | CF15: 23096 | CG15: 51607 | CH15: 51882 | CI15: 70447 | CJ15: 17594 | CK15: 15017 | CL15: 10730 | CM15: 162326 | CN15: 64429 | CO15: 43022 | CP15: 96839 | CQ15: 78900 | CR15: 64778 | CS15: 43186 | CV15: 32389 | CW15: 141521 | CX15: 69428 | CY15: 32667 | CZ15: 29667 | DA15: 22178 | DB15: 20526 | DC15: 13684 | DK15: 2348697
A16: Div 11 | BA16: 3905 | BB16: 23431 | BC16: 23431 | BD16: 23431 | BE16: 7810 | BG16: 1518 | BH16: 26065 | BI16: 56950 | BJ16: 44258 | BK16: 33912 | BL16: 42390 | BM16: 16956 | BN16: 12146 | BO16: 55450 | BP16: 25170 | BQ16: 37648 | BR16: 42390 | BS16: 25434 | BT16: 26952 | BU16: 34543 | BV16: 39994 | BW16: 21860 | BX16: 37922 | BY16: 54286 | BZ16: 21422 | CA16: 84527 | CB16: 79354 | CC16: 67075 | CD16: 85339 | CE16: 94255 | CF16: 88876 | CG16: 90465 | CH16: 44767 | CI16: 53755 | CJ16: 36096 | CK16: 60864 | CL16: 47260 | CM16: 16210 | CN16: 22628 | CO16: 11588 | CP16: 33871 | CQ16: 34560 | CR16: 18074 | CS16: 16416 | CT16: 20141 | CU16: 18416 | CV16: 6897 | CX16: 3143 | CY16: 3143 | CZ16: 3143 | DA16: 1571 | DK16: 1781708
A17: Div 12 | BA17: 14877 | BB17: 89261 | BC17: 89261 | BD17: 97526 | BE17: 40774 | BH17: 89260 | BI17: 193819 | BJ17: 181071 | BK17: 192297 | BL17: 240948 | BM17: 164903 | BN17: 65390 | BO17: 141607 | BP17: 59926 | BQ17: 94359 | BR17: 207927 | BS17: 118666 | BT17: 164180 | BU17: 223324 | BV17: 159583 | BW17: 143563 | BX17: 267970 | BY17: 189659 | BZ17: 31675 | CA17: 278024 | CB17: 275103 | CC17: 143653 | CD17: 243505 | CE17: 299702 | CF17: 194123 | CG17: 220375 | CH17: 1855956 | CI17: 1348180 | CJ17: 617931 | CK17: 701813 | CL17: 250951 | CM17: 98129 | CN17: 217477 | CO17: 80454 | CP17: 20473 | CQ17: 86448 | CR17: 253446 | CS17: 96135 | CT17: 123341 | CU17: 88176 | CX17: 23715 | CY17: 23715 | CZ17: 23715 | DA17: 23715 | DB17: 19761 | DC17: 11857 | DD17: 11857 | DJ17: 0 | DK17: 10893556
A18: Div 13 | CD18: 58338 | CE18: 58338 | CF18: 58338 | CG18: 68061 | CH18: 116676 | CI18: 204184 | CJ18: 106953 | CK18: 190294 | CL18: 198397 | CM18: 158578 | CN18: 266225 | CO18: 327342 | CP18: 232426 | CQ18: 215296 | CR18: 226871 | CS18: 166680 | CT18: 351188 | CU18: 235667 | CV18: 156263 | CW18: 118065 | CX18: 85722 | CY18: 85722 | CZ18: 112549 | DA18: 1428 | DB18: 952 | DC18: 952 | DD18: 476 | DK18: 3801981
A19: Div 14 | CA19: 13645 | CB19: 2880 | CC19: 2399 | CD19: 5965 | CE19: 12136 | CF19: 2880 | CG19: 12136 | CH19: 5965 | CI19: 1234 | CJ19: 13576 | CK19: 1234 | CM19: 9256 | CN19: 3085 | CO19: 12341 | CP19: 15426 | CQ19: 9256 | CR19: 3085 | CS19: 9256 | CT19: 6171 | CU19: 6171 | DK19: 148097
A20: Div 15 | AW20: 15289 | AX20: 11466 | BA20: 14047 | BB20: 91928 | BC20: 109588 | BD20: 69436 | BE20: 70570 | BF20: 31093 | BG20: 13520 | BH20: 44657 | BI20: 452548 | BJ20: 518902 | BK20: 118208 | BL20: 138345 | BM20: 98962 | BN20: 94854 | BO20: 282869 | BP20: 278729 | BQ20: 492985 | BR20: 671417 | BS20: 251316 | BT20: 119433 | BU20: 135324 | BV20: 174710 | BW20: 347448 | BX20: 194014 | BY20: 330340 | BZ20: 164639 | CA20: 224219 | CB20: 131214 | CC20: 173764 | CD20: 199901 | CE20: 209742 | CF20: 272626 | CG20: 954140 | CH20: 782131 | CI20: 789958 | CJ20: 263202 | CK20: 249808 | CL20: 235546 | CM20: 355338 | CN20: 614327 | CO20: 207787 | CP20: 446153 | CQ20: 440326 | CR20: 225141 | CS20: 230856 | CT20: 212481 | CU20: 253399 | CV20: 57855 | CW20: 1700 | CX20: 2040 | CY20: 1224 | CZ20: 408 | DA20: 408 | DB20: 408 | DJ20: 0 | DK20: 12872739
A21: Grand Total | B21: 437102 | C21: 426640 | D21: 356609 | E21: 107015 | F21: 138418 | G21: 89743 | H21: 777472 | I21: 842372 | J21: 967240 | K21: 896457 | L21: 921994 | M21: 948334 | N21: 752996 | O21: 325208 | P21: 312024 | Q21: 293947 | R21: 235916 | S21: 396342 | T21: 287556 | U21: 253774 | V21: 351757 | W21: 378836 | X21: 537486 | Y21: 455886 | Z21: 1239333 | AA21: 144817 | AB21: 282255 | AC21: 1056991 | AD21: 751531 | AE21: 544649 | AF21: 343347 | AG21: 912511 | AH21: 472997 | AI21: 567029 | AJ21: 1138965 | AK21: 253321 | AL21: 295076 | AM21: 387442 | AN21: 343587 | AO21: 475431 | AP21: 319295 | AQ21: 364870 | AR21: 561084 | AS21: 179309 | AT21: 406582 | AU21: 751114 | AV21: 356177 | AW21: 464732 | AX21: 701533 | AY21: 461412 | AZ21: 687075 | BA21: 607516 | BB21: 1013620 | BC21: 731023 | BD21: 836370 | BE21: 671519 | BF21: 718451 | BG21: 498853 | BH21: 811672 | BI21: 1515032 | BJ21: 1255689 | BK21: 1291328 | BL21: 1011587 | BM21: 1429537 | BN21: 770951 | BO21: 1147981 | BP21: 825610 | BQ21: 1150821 | BR21: 1432413 | BS21: 901227 | BT21: 1093658 | BU21: 979442 | BV21: 1294002 | BW21: 1302528 | BX21: 1377389 | BY21: 1377551 | BZ21: 349023 | CA21: 1087730 | CB21: 950818 | CC21: 986203 | CD21: 1013096 | CE21: 1223593 | CF21: 1046791 | CG21: 1949433 | CH21: 3539263 | CI21: 3361024 | CJ21: 1562005 | CK21: 2060586 | CL21: 1554689 | CM21: 1514477 | CN21: 1962295 | CO21: 1409771 | CP21: 1401001 | CQ21: 1293684 | CR21: 1091175 | CS21: 695460 | CT21: 879180 | CU21: 799627 | CV21: 779907 | CW21: 512513 | CX21: 497981 | CY21: 296553 | CZ21: 326451 | DA21: 103177 | DB21: 88399 | DC21: 67561 | DD21: 53401 | DE21: 41068 | DF21: 41068 | DG21: 41068 | DH21: 41068 | DI21: 41068 | DJ21: 82136 | DK21: 86743702
A68: Sum of Earned Hrs | B68: Column Labels
A69: Row Labels | B69: 1 | C69: 2 | D69: 3 | E69: 4 | F69: 5 | G69: 6 | H69: 7 | I69: 8 | J69: 9 | K69: 10 | L69: 11 | M69: 12 | N69: 13 | O69: 14 | P69: 15 | Q69: 16 | R69: 17 | S69: 18 | T69: 19 | U69: 20 | V69: 21 | W69: 22 | X69: 23 | Y69: 24 | Z69: 25 | AA69: 26 | AB69: 27 | AC69: 28 | AD69: 29 | AE69: 30 | AF69: 31 | AG69: 32 | AH69: 33 | AI69: 34 | AJ69: 35 | AK69: 36 | AL69: 37 | AM69: 38 | AN69: 39 | AO69: 40 | AP69: 41 | AQ69: 42 | AR69: 43 | AS69: 44 | AT69: 45 | AU69: 46 | AV69: 47 | AW69: 48 | AX69: 49 | AY69: 50 | AZ69: 51 | BA69: 52 | BB69: 53 | BC69: 54 | BD69: 55 | BE69: 56 | BF69: 57 | BG69: 58 | BH69: 59 | BI69: 60 | BJ69: 61 | BK69: 62 | BL69: 63 | BM69: 64 | BN69: 65 | BO69: 66 | BP69: 67 | BQ69: 68 | BR69: 69 | BS69: 70 | BT69: 71 | BU69: 72 | BV69: 73 | BW69: 74 | BX69: 75 | BY69: 76 | BZ69: 77 | CA69: 78 | CB69: 79 | CC69: Grand Total
A70: Div 01 | B70: 393 | CC70: 393
A71: Div 02 | B71: 272 | C71: 411 | D71: 4770 | E71: 2031 | F71: 3125 | H71: 207 | J71: 2173 | K71: 34 | CC71: 13023
A72: Div 03 | G72: 126 | H72: 162 | I72: 54 | J72: 1996 | K72: 1 | L72: 184 | M72: 0 | N72: 40 | O72: 2276 | P72: 1843 | Q72: 702 | R72: 1888 | S72: 9604 | T72: 4155 | U72: 15980 | V72: 7270 | W72: 6715 | X72: 10618 | Y72: 325 | Z72: 76 | AA72: 58 | AB72: 428 | AC72: 222 | AD72: 2205 | AE72: 4450 | AF72: 7749 | AG72: 684 | AH72: 1065 | AI72: 7331 | AJ72: 1952 | AK72: 820 | AL72: 1110 | AM72: 855 | AN72: 3374 | AO72: 9057 | AP72: 2148 | AQ72: 1624 | AR72: 2653 | AS72: 670 | AT72: 1903 | AU72: 2429 | AV72: 1861 | AW72: 149 | AX72: 1125 | AY72: 2547 | AZ72: 6829 | BA72: 18578 | BB72: 4858 | BC72: 5366 | BD72: 4686 | BE72: 1604 | BF72: 7088 | BG72: 7617 | BH72: 2756 | BI72: 12357 | BJ72: 6235 | BK72: 2854 | BL72: 5040 | BM72: 1252 | BN72: 292 | BO72: 968 | BP72: 1049 | BQ72: 489 | BR72: 64 | BS72: 148 | CC72: 212614
A73: Div 04 | AH73: 2 | AK73: 20 | AM73: 8 | AO73: 212 | AP73: 690 | AQ73: 690 | AT73: 140 | AZ73: 4146 | BA73: 4146 | BB73: 1300 | BD73: 217 | BF73: 2273 | BH73: 1782 | BJ73: 764 | BK73: 1908 | BM73: 777 | BO73: 532 | BP73: 2292 | BS73: 342 | CC73: 22241
A74: Div 05 | AJ74: 2 | AR74: 11 | BV74: 519 | BX74: 1839 | BY74: 1282 | BZ74: 1038 | CA74: 424 | CC74: 5115
A75: Div 06 | BS75: 382 | BT75: 382 | BW75: 764 | CC75: 1528
A76: Div 07 | BB76: 29 | BG76: 29 | BL76: 56 | BN76: 496 | BO76: 2527 | BP76: 1695 | BQ76: 114 | BR76: 58 | BT76: 5403 | BU76: 1931 | BV76: 343 | BW76: 58 | CC76: 12739
A77: Div 08 | AL77: 32 | AN77: 58 | AU77: 243 | AX77: 88 | AY77: 367 | BC77: 556 | BD77: 88 | BE77: 147 | BF77: 88 | BH77: 60 | BI77: 470 | BL77: 176 | BM77: 166 | BN77: 24 | BO77: 147 | BP77: 59 | BR77: 120 | BT77: 1756 | BU77: 162 | BV77: 1224 | BW77: 432 | BX77: 910 | BY77: 568 | BZ77: 191 | CA77: 569 | CC77: 8701
A78: Div 09 | AJ78: 805 | AK78: 108 | AL78: 290 | AM78: 328 | AO78: 6774 | AP78: 2130 | AR78: 2181 | AS78: 216 | AT78: 41 | AU78: 2209 | AV78: 1966 | AW78: 4043 | AX78: 83 | AZ78: 12782 | BA78: 15151 | BB78: 2696 | BC78: 3160 | BD78: 5771 | BE78: 810 | BF78: 2374 | BG78: 765 | BH78: 4328 | BI78: 7200 | BJ78: 3301 | BK78: 6465 | BL78: 1452 | BM78: 2235 | BN78: 3951 | BO78: 11615 | BP78: 10863 | BQ78: 7388 | BR78: 10235 | BS78: 17040 | BT78: 6792 | BU78: 3679 | BV78: 9845 | BW78: 9224 | BX78: 7308 | BY78: 4683 | BZ78: 1120 | CA78: 10032 | CB78: 42 | CC78: 203481
A79: Div 10 | N79: 21 | S79: 50 | T79: 35 | W79: 85 | AL79: 19 | AM79: 37 | AN79: 261 | AT79: 12 | AV79: 162 | AW79: 162 | AZ79: 249 | BA79: 249 | BB79: 417 | BD79: 86 | BE79: 431 | BF79: 212 | BG79: 626 | BH79: 264 | BI79: 456 | BJ79: 413 | BK79: 672 | BL79: 906 | BM79: 91 | BN79: 57 | BO79: 1189 | BP79: 42 | BQ79: 537 | BR79: 866 | BS79: 485 | BT79: 623 | BU79: 154 | BV79: 106 | BW79: 636 | BY79: 1051 | BZ79: 81 | CA79: 1104 | CB79: 85 | CC79: 12932
A80: Div 11 | AM80: 75 | AN80: 385 | AU80: 12 | AV80: 325 | AW80: 325 | AX80: 396 | AZ80: 500 | BA80: 1000 | BB80: 425 | BC80: 18 | BD80: 66 | BE80: 893 | BF80: 468 | BG80: 242 | BH80: 182 | BI80: 468 | BJ80: 396 | BK80: 71 | BL80: 467 | BM80: 697 | BN80: 115 | BO80: 732 | BP80: 552 | BQ80: 340 | BR80: 315 | BS80: 467 | BT80: 857 | BU80: 163 | BV80: 637 | BW80: 483 | BX80: 71 | BY80: 1021 | BZ80: 469 | CA80: 553 | CC80: 14186
A81: Div 12 | AM81: 150 | AN81: 767 | AP81: 56 | AV81: 648 | AW81: 648 | AX81: 243 | AZ81: 998 | BA81: 1083 | BB81: 866 | BC81: 36 | BD81: 116 | BE81: 1090 | BF81: 242 | BG81: 432 | BH81: 418 | BI81: 1090 | BJ81: 271 | BK81: 70 | BL81: 1312 | BM81: 473 | BN81: 481 | BO81: 1655 | BP81: 667 | BQ81: 711 | BR81: 1003 | BS81: 1589 | BT81: 1046 | BU81: 1214 | BV81: 1587 | BW81: 837 | BX81: 425 | BY81: 1202 | BZ81: 378 | CA81: 580 | CB81: 85 | CC81: 24469
A82: Div 13 | BP82: 85 | BR82: 42 | BS82: 127 | BT82: 248 | BU82: 68 | BV82: 297 | BW82: 340 | BX82: 431 | BY82: 1009 | BZ82: 157 | CA82: 1192 | CC82: 3996
A83: Div 14 | BN83: 115 | BO83: 145 | BQ83: 142 | BR83: 110 | BS83: 142 | BU83: 159 | BW83: 142 | BY83: 426 | BZ83: 141 | CA83: 141 | CC83: 1663
A84: Div 15 | AI84: 26 | AL84: 38 | AM84: 265 | AN84: 394 | AO84: 47 | AP84: 282 | AQ84: 112 | AT84: 12 | AV84: 487 | AW84: 487 | AX84: 549 | AZ84: 1770 | BA84: 1202 | BB84: 366 | BC84: 248 | BD84: 200 | BE84: 737 | BF84: 1085 | BG84: 322 | BH84: 1485 | BI84: 691 | BJ84: 378 | BK84: 275 | BL84: 1232 | BM84: 436 | BN84: 46 | BO84: 1161 | BP84: 340 | BQ84: 361 | BR84: 766 | BS84: 1638 | BT84: 774 | BU84: 442 | BV84: 1285 | BW84: 1191 | BX84: 590 | BY84: 1138 | BZ84: 482 | CA84: 1949 | CB84: 0 | CC84: 25289
A85: Grand Total | B85: 665 | C85: 411 | D85: 4770 | E85: 2031 | F85: 3125 | G85: 126 | H85: 369 | I85: 54 | J85: 4169 | K85: 35 | L85: 184 | M85: 0 | N85: 61 | O85: 2276 | P85: 1843 | Q85: 702 | R85: 1888 | S85: 9654 | T85: 4190 | U85: 15980 | V85: 7270 | W85: 6800 | X85: 10618 | Y85: 325 | Z85: 76 | AA85: 58 | AB85: 428 | AC85: 222 | AD85: 2205 | AE85: 4450 | AF85: 7749 | AG85: 684 | AH85: 1067 | AI85: 7357 | AJ85: 2759 | AK85: 948 | AL85: 1489 | AM85: 1718 | AN85: 5239 | AO85: 16090 | AP85: 5306 | AQ85: 2426 | AR85: 4845 | AS85: 886 | AT85: 2108 | AU85: 4893 | AV85: 5449 | AW85: 5814 | AX85: 2484 | AY85: 2914 | AZ85: 27274 | BA85: 41409 | BB85: 10957 | BC85: 9384 | BD85: 11230 | BE85: 5712 | BF85: 13830 | BG85: 10033 | BH85: 11275 | BI85: 22732 | BJ85: 11758 | BK85: 12315 | BL85: 10641 | BM85: 6127 | BN85: 5577 | BO85: 20671 | BP85: 17644 | BQ85: 10082 | BR85: 13579 | BS85: 22360 | BT85: 17881 | BU85: 7972 | BV85: 15843 | BW85: 14107 | BX85: 11574 | BY85: 12380 | BZ85: 4057 | CA85: 16544 | CB85: 212 | CC85: 562370

Sheet Dashboard Monthly
B1: ='Weekly Cost Summary'!A1 -> Project Name | P1: ='Monthly Cost Summary'!Q1 -> Data Date: | R1: ='Monthly Cost Summary'!S1 -> 44651
B2: ='Weekly Cost Summary'!A2 -> Location | G2: Project Performance Dashboard | P2: ='Monthly Cost Summary'!Q2 -> Current Month | R2: ='Monthly Cost Summary'!S2 -> 26
P3: ='Monthly Cost Summary'!Q3 -> Total Months | R3: ='Monthly Cost Summary'!S3 -> 26
K5: EVM Cost & Hours Status as of Current Month | Y5: PF Date | Z5: =Z6+790-1 -> 44651
K6: ='Monthly Cost Summary'!B4 -> Budget Cost (AED) | L6: ='Monthly Cost Summary'!C4 -> Planned Cost (AED) | M6: ='Monthly Cost Summary'!D4 -> Earned Cost (AED) | N6: ='Monthly Cost Summary'!E4 -> Planned % | O6: ='Monthly Cost Summary'!F4 -> Actual % | P6: SPI | Q6: Variance Value (SV) | R6: ='Monthly Cost Summary'!G4 -> Variance % | S6: Remaining Work | Y6: PS date | Z6: 43862
K7: ='Monthly Cost Summary'!B20 -> 86743706 | L7: ='Monthly Cost Summary'!C20 -> 86743752 | M7: ='Monthly Cost Summary'!D20 -> 84700431 | N7: ='Monthly Cost Summary'!E20 -> 1.0000005 | O7: ='Monthly Cost Summary'!F20 -> 0.97644469 | P7: =M7/L7 -> 0.97644417 | Q7: =M7-L7 -> -2043321 | R7: ='Monthly Cost Summary'!G20 -> -0.023555842 | S7: =K7-M7 -> 2043275 | V7: Row Labels | Y7: project Duration | AA7: 790
V8: 1 | Y8: Elapsed Duration | Z8: =AA8/AA7 -> 1 | AA8: =R1-$Z$6+1 -> 790
P9: Work Done | Q9: Work Remaining | V9: 2 | Y9: Remainiing Duration | Z9: =AA9/AA7 -> 0 | AA9: =AA7-AA8 -> 0
P10: =O7 -> 0.97644469 | Q10: =100%-P10 -> 0.023555311 | V10: 3 | Y10: Forcast Remaning Duration | Z10: =Q27-Z5+K27 -> 808.6087
V11: 4
V12: 5
V13: 6
V14: 7
V15: 8
K16: ='Monthly Hrs Summary'!B4 -> Budget Hrs | L16: ='Monthly Hrs Summary'!C4 -> Planned Hrs | M16: ='Monthly Hrs Summary'!D4 -> Earned Hrs | N16: ='Monthly Hrs Summary'!E4 -> Planned Hrs % | O16: ='Monthly Hrs Summary'!F4 -> Actual Hrs % | P16: Variance Hrs | Q16: Variance hrs % | R16: Remaining Hrs | S16: Remaining Hrs % | V16: 9 | Z16: planned Productivity | AB16: =L7/K7 -> 1.0000005
K17: ='Monthly Hrs Summary'!B20 -> 791298 | L17: ='Monthly Hrs Summary'!C20 -> 791298 | M17: ='Monthly Hrs Summary'!D20 -> 562370 | N17: ='Monthly Hrs Summary'!E20 -> 1 | O17: ='Monthly Hrs Summary'!F20 -> 0.71069306 | P17: =M17-L17 -> -228928 | Q17: ='Monthly Hrs Summary'!G20 -> -0.28930694 | R17: =K17-M17 -> 228928 | S17: =100%-O17 -> 0.28930694 | V17: 10
V18: 11
V19: 12
V20: 13
V21: 14
V22: 15
V23: 16
V24: 17
K25: ESM Cost & Hours Status as of Current Month | V25: 18
K26: Schedule At Compl (SAC) | L26: Actual Time (AT) | M26: Planned Accomp. Rate (PAR) | N26: Earned Schedule (ES) | O26: Time Variance (TV) | P26: Time Perform Index (TPI) | Q26: Forcaste Comp.Date | R26: Target Accomp. Rate | S26: Target Productivity | V26: 19
K27: =AA7 -> 790 | L27: =AA8 -> 790 | M27: =K7/K27 -> 109802.16 | N27: =M7/M27 -> 771.3913 | O27: =N27-L27 -> -18.608696 | P27: =N27/L27 -> 0.97644469 | Q27: =Z5-O27 -> 44669.609 | R27: =IFERROR(S7/(K27-L27),"") | S27: =IFERROR(R27/M27,"") | V27: 20 | Y27: =S7/AA9 -> #DIV/0! | Z27: =Y27/M27 -> #DIV/0!
V28: 21
V29: 22
V30: 23
V31: 24
V32: 25
V33: 26
V34: (blank)
V35: Grand Total
V36: 76.61 | W36: 76.61
V37: 1 | W37: 76.61
V38: 122.39 | W38: 76.61 | Y38: Speedometer
Y39: 1 | Z39: white
Y40: 0.45 | Z40: yellow
Y41: 0.3 | Z41: yellow
Y42: 0.25 | Z42: Yellow
Z44: Needle
Y45: 0.8 | Z45: value
Y46: 0.01 | Z46: pointer
Y47: =2-Y46-Y45 -> 1.19 | Z47: end

Sheet Monthly Hrs Summary
A1: ='Weekly Cost Summary'!A1 -> Project Name | E1: Monthly Progress Hours Summary | Q1: Data Date: | S1: =INDEX(MonthDates!B2:B27,MATCH($S$2,MonthDates!A2:A27,0)) -> 44651
A2: ='Weekly Cost Summary'!A2 -> Location | Q2: Current Month | S2: =MAX(W:W) -> 26
A3: BOQ Item Wise Summary | Q3: Total Months | S3: 26
A4: 1817-BOQ Summary | B4: Budget Hrs | C4: Planned Hrs | D4: Earned Hrs | E4: Planned Hrs % | F4: Actual Hrs % | G4: Variance % | H4: productivity | J4: =B4 -> Budget Hrs | K4: =C4 -> Planned Hrs | L4: =D4 -> Earned Hrs | M4: =E4 -> Planned Hrs % | W4: Row Labels
A5: Div 01 | B5: 514 | C5: 513 | D5: 393 | E5: =IFERROR(C5/B5,"") -> 0.99805447 | F5: =IFERROR(D5/B5,"") -> 0.76459144 | G5: =IFERROR(_xlfn.IFNA(F5-E5,""),"") -> -0.23346304 | H5: =IFERROR(D5/C5,"") -> 0.76608187 | J5: =B5 -> 514 | K5: =C5 -> 513 | L5: =D5 -> 393 | M5: =E5 -> 0.99805447 | W5: 1
A6: Div 02 | B6: 20039 | C6: 20037 | D6: 13023 | E6: =IFERROR(C6/B6,"") -> 0.99990019 | F6: =IFERROR(D6/B6,"") -> 0.64988273 | G6: =IFERROR(_xlfn.IFNA(F6-E6,""),"") -> -0.35001747 | H6: =IFERROR(D6/C6,"") -> 0.6499476 | J6: =B6 -> 20039 | K6: =C6 -> 20037 | L6: =D6 -> 13023 | M6: =E6 -> 0.99990019 | W6: 2
A7: Div 03 | B7: 377918 | C7: 377914 | D7: 212614 | E7: =IFERROR(C7/B7,"") -> 0.99998942 | F7: =IFERROR(D7/B7,"") -> 0.56259294 | G7: =IFERROR(_xlfn.IFNA(F7-E7,""),"") -> -0.43739647 | H7: =IFERROR(D7/C7,"") -> 0.5625989 | J7: =B7 -> 377918 | K7: =C7 -> 377914 | L7: =D7 -> 212614 | M7: =E7 -> 0.99998942 | W7: 3
A8: Div 04 | B8: 22530 | C8: 22522 | D8: 22241 | E8: =IFERROR(C8/B8,"") -> 0.99964492 | F8: =IFERROR(D8/B8,"") -> 0.98717266 | G8: =IFERROR(_xlfn.IFNA(F8-E8,""),"") -> -0.012472259 | H8: =IFERROR(D8/C8,"") -> 0.98752331 | J8: =B8 -> 22530 | K8: =C8 -> 22522 | L8: =D8 -> 22241 | M8: =E8 -> 0.99964492 | W8: 4
A9: Div 05 | B9: 6395 | C9: 6393 | D9: 5115 | E9: =IFERROR(C9/B9,"") -> 0.99968726 | F9: =IFERROR(D9/B9,"") -> 0.79984363 | G9: =IFERROR(_xlfn.IFNA(F9-E9,""),"") -> -0.19984363 | H9: =IFERROR(D9/C9,"") -> 0.80009385 | J9: =B9 -> 6395 | K9: =C9 -> 6393 | L9: =D9 -> 5115 | M9: =E9 -> 0.99968726 | W9: 5
A10: Div 06 | B10: 1800 | C10: 1800 | D10: 1528 | E10: =IFERROR(C10/B10,"") -> 1 | F10: =IFERROR(D10/B10,"") -> 0.84888889 | G10: =IFERROR(_xlfn.IFNA(F10-E10,""),"") -> -0.15111111 | H10: =IFERROR(D10/C10,"") -> 0.84888889 | J10: =B10 -> 1800 | K10: =C10 -> 1800 | L10: =D10 -> 1528 | M10: =E10 -> 1 | W10: 6
A11: Div 07 | B11: 15326 | C11: 15334 | D11: 12739 | E11: =IFERROR(C11/B11,"") -> 1.000522 | F11: =IFERROR(D11/B11,"") -> 0.83120188 | G11: =IFERROR(_xlfn.IFNA(F11-E11,""),"") -> -0.16932011 | H11: =IFERROR(D11/C11,"") -> 0.83076823 | J11: =B11 -> 15326 | K11: =C11 -> 15334 | L11: =D11 -> 12739 | M11: =E11 -> 1.000522 | W11: 7
A12: Div 08 | B12: 12173 | C12: 12163 | D12: 8701 | E12: =IFERROR(C12/B12,"") -> 0.99917851 | F12: =IFERROR(D12/B12,"") -> 0.71477861 | G12: =IFERROR(_xlfn.IFNA(F12-E12,""),"") -> -0.2843999 | H12: =IFERROR(D12/C12,"") -> 0.71536627 | J12: =B12 -> 12173 | K12: =C12 -> 12163 | L12: =D12 -> 8701 | M12: =E12 -> 0.99917851 | W12: 8
A13: Div 09 | B13: 239501 | C13: 239551 | D13: 203481 | E13: =IFERROR(C13/B13,"") -> 1.0002088 | F13: =IFERROR(D13/B13,"") -> 0.84960397 | G13: =IFERROR(_xlfn.IFNA(F13-E13,""),"") -> -0.1506048 | H13: =IFERROR(D13/C13,"") -> 0.84942664 | J13: =B13 -> 239501 | K13: =C13 -> 239551 | L13: =D13 -> 203481 | M13: =E13 -> 1.0002088 | W13: 9
A14: Div 10 | B14: 16004 | C14: 16013 | D14: 12932 | E14: =IFERROR(C14/B14,"") -> 1.0005624 | F14: =IFERROR(D14/B14,"") -> 0.80804799 | G14: =IFERROR(_xlfn.IFNA(F14-E14,""),"") -> -0.19251437 | H14: =IFERROR(D14/C14,"") -> 0.80759383 | J14: =B14 -> 16004 | K14: =C14 -> 16013 | L14: =D14 -> 12932 | M14: =E14 -> 1.0005624 | W14: 10
A15: Div 11 | B15: 15404 | C15: 15401 | D15: 14186 | E15: =IFERROR(C15/B15,"") -> 0.99980525 | F15: =IFERROR(D15/B15,"") -> 0.92092963 | G15: =IFERROR(_xlfn.IFNA(F15-E15,""),"") -> -0.078875617 | H15: =IFERROR(D15/C15,"") -> 0.92110902 | J15: =B15 -> 15404 | K15: =C15 -> 15401 | L15: =D15 -> 14186 | M15: =E15 -> 0.99980525 | W15: 11
A16: Div 12 | B16: 27542 | C16: 27560 | D16: 24469 | E16: =IFERROR(C16/B16,"") -> 1.0006535 | F16: =IFERROR(D16/B16,"") -> 0.88842495 | G16: =IFERROR(_xlfn.IFNA(F16-E16,""),"") -> -0.1122286 | H16: =IFERROR(D16/C16,"") -> 0.8878447 | J16: =B16 -> 27542 | K16: =C16 -> 27560 | L16: =D16 -> 24469 | M16: =E16 -> 1.0006535 | W16: 12
... A20: Grand Total | B20: 791298 | C20: 791298 | D20: 562370 | E20: =IFERROR(C20/B20,"") -> 1 | F20: =IFERROR(D20/B20,"") -> 0.71069306 | G20: =IFERROR(_xlfn.IFNA(F20-E20,""),"") -> -0.28930694 | H20: =IFERROR(D20/C20,"") -> 0.71069306 | J20: =B20 -> 791298 | K20: =C20 -> 791298 | L20: =D20 -> 562370 | M20: =E20 -> 1 | W20: 16
W21: 17
A22: Trade Item Wise Summary | W22: 18
A23: 1817-Trade | B23: Budget Hrs | C23: Planned Hrs | D23: Earned Hrs | E23: Planned Hrs % | F23: Actual Hrs % | G23: Variance % | H23: productivity | L23: =A23 -> 1817-Trade | M23: =B23 -> Budget Hrs | N23: =C23 -> Planned Hrs | O23: =D23 -> Earned Hrs | P23: =E23 -> Planned Hrs % | W23: 19
A24: Anti-Fungal & Carbonation | B24: 12793 | C24: 12789 | D24: 9700 | E24: =IFERROR(C24/B24,"") -> 0.99968733 | F24: =IFERROR(D24/B24,"") -> 0.75822716 | G24: =IFERROR(_xlfn.IFNA(F24-E24,""),"") -> -0.24146017 | H24: =IFERROR(D24/C24,"") -> 0.75846431 | L24: =A24 -> Anti-Fungal & Carbonation | M24: =B24 -> 12793 | N24: =C24 -> 12789 | O24: =D24 -> 9700 | P24: =E24 -> 0.99968733 | W24: 20
A25: Ceramic | B25: 12431 | C25: 12432 | D25: 10451 | E25: =IFERROR(C25/B25,"") -> 1.0000804 | F25: =IFERROR(D25/B25,"") -> 0.84072078 | G25: =IFERROR(_xlfn.IFNA(F25-E25,""),"") -> -0.15935967 | H25: =IFERROR(D25/C25,"") -> 0.84065315 | L25: =A25 -> Ceramic | M25: =B25 -> 12431 | N25: =C25 -> 12432 | O25: =D25 -> 10451 | P25: =E25 -> 1.0000804 | W25: 21
A26: Concrete | B26: 377918 | C26: 377914 | D26: 212614 | E26: =IFERROR(C26/B26,"") -> 0.99998942 | F26: =IFERROR(D26/B26,"") -> 0.56259294 | G26: =IFERROR(_xlfn.IFNA(F26-E26,""),"") -> -0.43739647 | H26: =IFERROR(D26/C26,"") -> 0.5625989 | L26: =A26 -> Concrete | M26: =B26 -> 377918 | N26: =C26 -> 377914 | O26: =D26 -> 212614 | P26: =E26 -> 0.99998942 | W26: 22
A27: Conveying System | B27: 4682 | C27: 4680 | D27: 3996 | E27: =IFERROR(C27/B27,"") -> 0.99957283 | F27: =IFERROR(D27/B27,"") -> 0.85348142 | G27: =IFERROR(_xlfn.IFNA(F27-E27,""),"") -> -0.14609141 | H27: =IFERROR(D27/C27,"") -> 0.85384615 | L27: =A27 -> Conveying System | M27: =B27 -> 4682 | N27: =C27 -> 4680 | O27: =D27 -> 3996 | P27: =E27 -> 0.99957283 | W27: 23
A28: Doors | B28: 5692 | C28: 5678 | D28: 4399 | E28: =IFERROR(C28/B28,"") -> 0.99754041 | F28: =IFERROR(D28/B28,"") -> 0.77283907 | G28: =IFERROR(_xlfn.IFNA(F28-E28,""),"") -> -0.22470134 | H28: =IFERROR(D28/C28,"") -> 0.77474463 | L28: =A28 -> Doors | M28: =B28 -> 5692 | N28: =C28 -> 5678 | O28: =D28 -> 4399 | P28: =E28 -> 0.99754041 | W28: 24
A29: Electrical | B29: 28801 | C29: 28780 | D29: 25289 | E29: =IFERROR(C29/B29,"") -> 0.99927086 | F29: =IFERROR(D29/B29,"") -> 0.87805979 | G29: =IFERROR(_xlfn.IFNA(F29-E29,""),"") -> -0.12121107 | H29: =IFERROR(D29/C29,"") -> 0.87870049 | L29: =A29 -> Electrical | M29: =B29 -> 28801 | N29: =C29 -> 28780 | O29: =D29 -> 25289 | P29: =E29 -> 0.99927086 | W29: 25
A30: Epoxy & Traffic Coating | B30: 4452 | C30: 4453 | D30: 3741 | E30: =IFERROR(C30/B30,"") -> 1.0002246 | F30: =IFERROR(D30/B30,"") -> 0.8402965 | G30: =IFERROR(_xlfn.IFNA(F30-E30,""),"") -> -0.15992812 | H30: =IFERROR(D30/C30,"") -> 0.84010779 | L30: =A30 -> Epoxy & Traffic Coating | M30: =B30 -> 4452 | N30: =C30 -> 4453 | O30: =D30 -> 3741 | P30: =E30 -> 1.0002246 | W30: 26
A31: False Ceiling | B31: 20728 | C31: 20726 | D31: 17639 | E31: =IFERROR(C31/B31,"") -> 0.99990351 | F31: =IFERROR(D31/B31,"") -> 0.85097453 | G31: =IFERROR(_xlfn.IFNA(F31-E31,""),"") -> -0.14892898 | H31: =IFERROR(D31/C31,"") -> 0.85105664 | L31: =A31 -> False Ceiling | M31: =B31 -> 20728 | N31: =C31 -> 20726 | O31: =D31 -> 17639 | P31: =E31 -> 0.99990351 | W31: (blank)
A32: Fire Fighting | B32: 15404 | C32: 15401 | D32: 14186 | E32: =IFERROR(C32/B32,"") -> 0.99980525 | F32: =IFERROR(D32/B32,"") -> 0.92092963 | G32: =IFERROR(_xlfn.IFNA(F32-E32,""),"") -> -0.078875617 | H32: =IFERROR(D32/C32,"") -> 0.92110902 | L32: =A32 -> Fire Fighting | M32: =B32 -> 15404 | N32: =C32 -> 15401 | O32: =D32 -> 14186 | P32: =E32 -> 0.99980525 | W32: Grand Total
A33: Glazing | B33: 5473 | C33: 5475 | D33: 3392 | E33: =IFERROR(C33/B33,"") -> 1.0003654 | F33: =IFERROR(D33/B33,"") -> 0.61976978 | G33: =IFERROR(_xlfn.IFNA(F33-E33,""),"") -> -0.38059565 | H33: =IFERROR(D33/C33,"") -> 0.61954338 | L33: =A33 -> Glazing | M33: =B33 -> 5473 | N33: =C33 -> 5475 | O33: =D33 -> 3392 | P33: =E33 -> 1.0003654
A34: HVAC | B34: 27438 | C34: 27460 | D34: 24469 | E34: =IFERROR(C34/B34,"") -> 1.0008018 | F34: =IFERROR(D34/B34,"") -> 0.8917924 | G34: =IFERROR(_xlfn.IFNA(F34-E34,""),"") -> -0.1090094 | H34: =IFERROR(D34/C34,"") -> 0.89107793 | L34: =A34 -> HVAC | M34: =B34 -> 27438 | N34: =C34 -> 27460 | O34: =D34 -> 24469 | P34: =E34 -> 1.0008018
A35: LPG System | B35: 2173 | C35: 2170 | D35: 1663 | E35: =IFERROR(C35/B35,"") -> 0.99861942 | F35: =IFERROR(D35/B35,"") -> 0.76530143 | G35: =IFERROR(_xlfn.IFNA(F35-E35,""),"") -> -0.23331799 | H35: =IFERROR(D35/C35,"") -> 0.76635945 | L35: =A35 -> LPG System | M35: =B35 -> 2173 | N35: =C35 -> 2170 | O35: =D35 -> 1663 | P35: =E35 -> 0.99861942
A36: Masonry | B36: 22530 | C36: 22522 | D36: 22241 | E36: =IFERROR(C36/B36,"") -> 0.99964492 | F36: =IFERROR(D36/B36,"") -> 0.98717266 | G36: =IFERROR(_xlfn.IFNA(F36-E36,""),"") -> -0.012472259 | H36: =IFERROR(D36/C36,"") -> 0.98752331 | L36: =A36 -> Masonry | M36: =B36 -> 22530 | N36: =C36 -> 22522 | O36: =D36 -> 22241 | P36: =E36 -> 0.99964492
A37: Natural Stone | B37: 13058 | C37: 13058 | D37: 11055 | E37: =IFERROR(C37/B37,"") -> 1 | F37: =IFERROR(D37/B37,"") -> 0.84660744 | G37: =IFERROR(_xlfn.IFNA(F37-E37,""),"") -> -0.15339256 | H37: =IFERROR(D37/C37,"") -> 0.84660744 | L37: =A37 -> Natural Stone | M37: =B37 -> 13058 | N37: =C37 -> 13058 | O37: =D37 -> 11055 | P37: =E37 -> 1
A38: Others Finishes | B38: 36854 | C38: 36867 | D38: 30104 | E38: =IFERROR(C38/B38,"") -> 1.0003527 | F38: =IFERROR(D38/B38,"") -> 0.81684485 | G38: =IFERROR(_xlfn.IFNA(F38-E38,""),"") -> -0.1835079 | H38: =IFERROR(D38/C38,"") -> 0.81655681 | L38: =A38 -> Others Finishes | M38: =B38 -> 36854 | N38: =C38 -> 36867 | O38: =D38 -> 30104 | P38: =E38 -> 1.0003527
A39: Paint | B39: 18963 | C39: 18967 | D39: 14408 | E39: =IFERROR(C39/B39,"") -> 1.0002109 | F39: =IFERROR(D39/B39,"") -> 0.75979539 | G39: =IFERROR(_xlfn.IFNA(F39-E39,""),"") -> -0.24041555 | H39: =IFERROR(D39/C39,"") -> 0.75963516
A40: Plaster | B40: 112175 | C40: 112179 | D40: 98858 | E40: =IFERROR(C40/B40,"") -> 1.0000357 | F40: =IFERROR(D40/B40,"") -> 0.88128371 | G40: =IFERROR(_xlfn.IFNA(F40-E40,""),"") -> -0.11875195 | H40: =IFERROR(D40/C40,"") -> 0.88125228
A41: Plumbing | B41: 16004 | C41: 16013 | D41: 12932 | E41: =IFERROR(C41/B41,"") -> 1.0005624 | F41: =IFERROR(D41/B41,"") -> 0.80804799 | G41: =IFERROR(_xlfn.IFNA(F41-E41,""),"") -> -0.19251437 | H41: =IFERROR(D41/C41,"") -> 0.80759383
A42: Porcelain | B42: 18774 | C42: 18781 | D42: 15716 | E42: =IFERROR(C42/B42,"") -> 1.0003729 | F42: =IFERROR(D42/B42,"") -> 0.83711516 | G42: =IFERROR(_xlfn.IFNA(F42-E42,""),"") -> -0.1632577 | H42: =IFERROR(D42/C42,"") -> 0.83680315
A43: Prelims | B43: 514 | C43: 513 | D43: 393 | E43: =IFERROR(C43/B43,"") -> 0.99805447 | F43: =IFERROR(D43/B43,"") -> 0.76459144 | G43: =IFERROR(_xlfn.IFNA(F43-E43,""),"") -> -0.23346304 | H43: =IFERROR(D43/C43,"") -> 0.76608187
A44: Site Works | B44: 20039 | C44: 20037 | D44: 13023 | E44: =IFERROR(C44/B44,"") -> 0.99990019 | F44: =IFERROR(D44/B44,"") -> 0.64988273 | G44: =IFERROR(_xlfn.IFNA(F44-E44,""),"") -> -0.35001747 | H44: =IFERROR(D44/C44,"") -> 0.6499476
A45: Terrazo Tiles | B45: 14402 | C45: 14403 | D45: 12101 | E45: =IFERROR(C45/B45,"") -> 1.0000694 | F45: =IFERROR(D45/B45,"") -> 0.84023052 | G45: =IFERROR(_xlfn.IFNA(F45-E45,""),"") -> -0.15983891 | H45: =IFERROR(D45/C45,"") -> 0.84017219
A46: Grand Total | B46: 791298 | C46: 791298 | D46: 562370 | E46: =IFERROR(C46/B46,"") -> 1 | F46: =IFERROR(D46/B46,"") -> 0.71069306 | G46: =IFERROR(_xlfn.IFNA(F46-E46,""),"") -> -0.28930694 | H46: =IFERROR(D46/C46,"") -> 0.71069306

Sheet Monthly Cost Summary
A1: ='Weekly Cost Summary'!A1 -> Project Name | E1: Monthly Progress Cost Summary | Q1: Data Date: | S1: =INDEX(MonthDates!B2:B27,MATCH($S$2,MonthDates!A2:A27,0)) -> 44651
A2: ='Weekly Cost Summary'!A2 -> Location | Q2: Current Month | S2: =MAX(W:W) -> 26
A3: BOQ Item Wise Summary | Q3: Total Months | S3: 26
A4: 1817-BOQ Summary | B4: Budget Cost (AED) | C4: Planned Cost (AED) | D4: Earned Cost (AED) | E4: Planned % | F4: Actual % | G4: Variance % | H4: SPI | J4: =B4 -> Budget Cost (AED) | K4: =C4 -> Planned Cost (AED) | L4: =D4 -> Earned Cost (AED) | M4: =E4 -> Planned % | W4: Row Labels
A5: Div 01 | B5: 5594621 | C5: 5573826 | D5: 23321997 | E5: =C5/B5 -> 0.99628304 | F5: =D5/B5 -> 4.1686465 | G5: =_xlfn.IFNA(F5-E5,"") -> 3.1723634 | H5: =IFERROR(D5/C5,"") -> 4.184199 | J5: =B5 -> 5594621 | K5: =C5 -> 5573826 | L5: =D5 -> 23321997 | M5: =E5 -> 0.99628304 | W5: 1
A6: Div 02 | B6: 8101845 | C6: 8101840 | D6: 6246369 | E6: =C6/B6 -> 0.99999938 | F6: =D6/B6 -> 0.77098105 | G6: =_xlfn.IFNA(F6-E6,"") -> -0.22901833 | H6: =IFERROR(D6/C6,"") -> 0.77098153 | J6: =B6 -> 8101845 | K6: =C6 -> 8101840 | L6: =D6 -> 6246369 | M6: =E6 -> 0.99999938 | W6: 2
A7: Div 03 | B7: 26658801 | C7: 26615432 | D7: 15438803 | E7: =C7/B7 -> 0.99837318 | F7: =D7/B7 -> 0.57912593 | G7: =_xlfn.IFNA(F7-E7,"") -> -0.41924725 | H7: =IFERROR(D7/C7,"") -> 0.5800696 | J7: =B7 -> 26658801 | K7: =C7 -> 26615432 | L7: =D7 -> 15438803 | M7: =E7 -> 0.99837318 | W7: 3
A8: Div 04 | B8: 1709702 | C8: 1709700 | D8: 1703030 | E8: =C8/B8 -> 0.99999883 | F8: =D8/B8 -> 0.99609757 | G8: =_xlfn.IFNA(F8-E8,"") -> -0.0039012647 | H8: =IFERROR(D8/C8,"") -> 0.99609873 | J8: =B8 -> 1709702 | K8: =C8 -> 1709700 | L8: =D8 -> 1703030 | M8: =E8 -> 0.99999883 | W8: 4
A9: Div 05 | B9: 432738 | C9: 432738 | D9: 367018 | E9: =C9/B9 -> 1 | F9: =D9/B9 -> 0.84812982 | G9: =_xlfn.IFNA(F9-E9,"") -> -0.15187018 | H9: =IFERROR(D9/C9,"") -> 0.84812982 | J9: =B9 -> 432738 | K9: =C9 -> 432738 | L9: =D9 -> 367018 | M9: =E9 -> 1 | W9: 5
A10: Div 06 | B10: 358000 | C10: 358000 | D10: 304300 | E10: =C10/B10 -> 1 | F10: =D10/B10 -> 0.85 | G10: =_xlfn.IFNA(F10-E10,"") -> -0.15 | H10: =IFERROR(D10/C10,"") -> 0.85 | J10: =B10 -> 358000 | K10: =C10 -> 358000 | L10: =D10 -> 304300 | M10: =E10 -> 1 | W10: 6
A11: Div 07 | B11: 1024731 | C11: 1024724 | D11: 843510 | E11: =C11/B11 -> 0.99999317 | F11: =D11/B11 -> 0.82315261 | G11: =_xlfn.IFNA(F11-E11,"") -> -0.17684056 | H11: =IFERROR(D11/C11,"") -> 0.82315824 | J11: =B11 -> 1024731 | K11: =C11 -> 1024724 | L11: =D11 -> 843510 | M11: =E11 -> 0.99999317 | W11: 7
A12: Div 08 | B12: 2748699 | C12: 2748699 | D12: 1879885 | E12: =C12/B12 -> 1 | F12: =D12/B12 -> 0.6839181 | G12: =_xlfn.IFNA(F12-E12,"") -> -0.3160819 | H12: =IFERROR(D12/C12,"") -> 0.6839181 | J12: =B12 -> 2748699 | K12: =C12 -> 2748699 | L12: =D12 -> 1879885 | M12: =E12 -> 1 | W12: 8
A13: Div 09 | B13: 8267790 | C13: 8270937 | D13: 6891653 | E13: =C13/B13 -> 1.0003806 | F13: =D13/B13 -> 0.83355443 | G13: =_xlfn.IFNA(F13-E13,"") -> -0.1668262 | H13: =IFERROR(D13/C13,"") -> 0.83323727 | J13: =B13 -> 8267790 | K13: =C13 -> 8270937 | L13: =D13 -> 6891653 | M13: =E13 -> 1.0003806 | W13: 9
A14: Div 10 | B14: 2348697 | C14: 2348702 | D14: 1939800 | E14: =C14/B14 -> 1.0000021 | F14: =D14/B14 -> 0.82590475 | G14: =_xlfn.IFNA(F14-E14,"") -> -0.17409738 | H14: =IFERROR(D14/C14,"") -> 0.82590299 | J14: =B14 -> 2348697 | K14: =C14 -> 2348702 | L14: =D14 -> 1939800 | M14: =E14 -> 1.0000021 | W14: 10
A15: Div 11 | B15: 1781708 | C15: 1781719 | D15: 1622032 | E15: =C15/B15 -> 1.0000062 | F15: =D15/B15 -> 0.91038038 | G15: =_xlfn.IFNA(F15-E15,"") -> -0.089625797 | H15: =IFERROR(D15/C15,"") -> 0.91037476 | J15: =B15 -> 1781708 | K15: =C15 -> 1781719 | L15: =D15 -> 1622032 | M15: =E15 -> 1.0000062 | W15: 11
A16: Div 12 | B16: 10893557 | C16: 10951726 | D16: 9514255 | E16: =C16/B16 -> 1.0053398 | F16: =D16/B16 -> 0.87338369 | G16: =_xlfn.IFNA(F16-E16,"") -> -0.13195607 | H16: =IFERROR(D16/C16,"") -> 0.8687448 | J16: =B16 -> 10893557 | K16: =C16 -> 10951726 | L16: =D16 -> 9514255 | M16: =E16 -> 1.0053398 | W16: 12
... A20: Grand Total | B20: 86743706 | C20: 86743752 | D20: 84700431 | E20: =C20/B20 -> 1.0000005 | F20: =D20/B20 -> 0.97644469 | G20: =_xlfn.IFNA(F20-E20,"") -> -0.023555842 | H20: =IFERROR(D20/C20,"") -> 0.97644417 | J20: =B20 -> 86743706 | K20: =C20 -> 86743752 | L20: =D20 -> 84700431 | M20: =E20 -> 1.0000005 | W20: 16
W21: 17
A22: Trade Item Wise Summary | W22: 18
A23: 1817-Trade | B23: Budget Cost | C23: Planned Cost | D23: Earned Value (AED) | E23: Planned % | F23: Actual % | G23: Variance % | H23: SPI | L23: =A23 -> 1817-Trade | M23: =B23 -> Budget Cost | N23: =C23 -> Planned Cost | O23: =D23 -> Earned Value (AED) | P23: =E23 -> Planned % | W23: 19
A24: Anti-Fungal & Carbonation | B24: 572734 | C24: 572736 | D24: 419459 | E24: =C24/B24 -> 1.0000035 | F24: =D24/B24 -> 0.73238013 | G24: =_xlfn.IFNA(F24-E24,"") -> -0.26762336 | H24: =IFERROR(D24/C24,"") -> 0.73237757 | L24: =A24 -> Anti-Fungal & Carbonation | M24: =B24 -> 572734 | N24: =C24 -> 572736 | O24: =D24 -> 419459 | P24: =E24 -> 1.0000035 | W24: 20
A25: Ceramic | B25: 355680 | C25: 355680 | D25: 297811 | E25: =C25/B25 -> 1 | F25: =D25/B25 -> 0.83730038 | G25: =_xlfn.IFNA(F25-E25,"") -> -0.16269962 | H25: =IFERROR(D25/C25,"") -> 0.83730038 | L25: =A25 -> Ceramic | M25: =B25 -> 355680 | N25: =C25 -> 355680 | O25: =D25 -> 297811 | P25: =E25 -> 1 | W25: 21
A26: Concrete | B26: 26658801 | C26: 26615432 | D26: 15438803 | E26: =C26/B26 -> 0.99837318 | F26: =D26/B26 -> 0.57912593 | G26: =_xlfn.IFNA(F26-E26,"") -> -0.41924725 | H26: =IFERROR(D26/C26,"") -> 0.5800696 | L26: =A26 -> Concrete | M26: =B26 -> 26658801 | N26: =C26 -> 26615432 | O26: =D26 -> 15438803 | P26: =E26 -> 0.99837318 | W26: 22
A27: Conveying System | B27: 3801981 | C27: 3802003 | D27: 3249600 | E27: =C27/B27 -> 1.0000058 | F27: =D27/B27 -> 0.85471232 | G27: =_xlfn.IFNA(F27-E27,"") -> -0.14529347 | H27: =IFERROR(D27/C27,"") -> 0.85470737 | L27: =A27 -> Conveying System | M27: =B27 -> 3801981 | N27: =C27 -> 3802003 | O27: =D27 -> 3249600 | P27: =E27 -> 1.0000058 | W27: 23
A28: Doors | B28: 969680 | C28: 969676 | D28: 744672 | E28: =C28/B28 -> 0.99999587 | F28: =D28/B28 -> 0.76795644 | G28: =_xlfn.IFNA(F28-E28,"") -> -0.23203944 | H28: =IFERROR(D28/C28,"") -> 0.76795961 | L28: =A28 -> Doors | M28: =B28 -> 969680 | N28: =C28 -> 969676 | O28: =D28 -> 744672 | P28: =E28 -> 0.99999587 | W28: 24
A29: Electrical | B29: 12872739 | C29: 12872747 | D29: 11255390 | E29: =C29/B29 -> 1.0000006 | F29: =D29/B29 -> 0.8743586 | G29: =_xlfn.IFNA(F29-E29,"") -> -0.12564203 | H29: =IFERROR(D29/C29,"") -> 0.87435805 | L29: =A29 -> Electrical | M29: =B29 -> 12872739 | N29: =C29 -> 12872747 | O29: =D29 -> 11255390 | P29: =E29 -> 1.0000006 | W29: 25
A30: Epoxy & Traffic Coating | B30: 975846 | C30: 975845 | D30: 818773 | E30: =C30/B30 -> 0.99999898 | F30: =D30/B30 -> 0.83903915 | G30: =_xlfn.IFNA(F30-E30,"") -> -0.16095982 | H30: =IFERROR(D30/C30,"") -> 0.83904001 | L30: =A30 -> Epoxy & Traffic Coating | M30: =B30 -> 975846 | N30: =C30 -> 975845 | O30: =D30 -> 818773 | P30: =E30 -> 0.99999898 | W30: 26
A31: False Ceiling | B31: 1052294 | C31: 1052290 | D31: 896463 | E31: =C31/B31 -> 0.9999962 | F31: =D31/B31 -> 0.85191306 | G31: =_xlfn.IFNA(F31-E31,"") -> -0.14808314 | H31: =IFERROR(D31/C31,"") -> 0.8519163 | L31: =A31 -> False Ceiling | M31: =B31 -> 1052294 | N31: =C31 -> 1052290 | O31: =D31 -> 896463 | P31: =E31 -> 0.9999962 | W31: (blank)
A32: Fire Fighting | B32: 1781708 | C32: 1781719 | D32: 1622032 | E32: =C32/B32 -> 1.0000062 | F32: =D32/B32 -> 0.91038038 | G32: =_xlfn.IFNA(F32-E32,"") -> -0.089625797 | H32: =IFERROR(D32/C32,"") -> 0.91037476 | L32: =A32 -> Fire Fighting | M32: =B32 -> 1781708 | N32: =C32 -> 1781719 | O32: =D32 -> 1622032 | P32: =E32 -> 1.0000062 | W32: Grand Total
A33: Glazing | B33: 1644464 | C33: 1644468 | D33: 1019226 | E33: =C33/B33 -> 1.0000024 | F33: =D33/B33 -> 0.61979222 | G33: =_xlfn.IFNA(F33-E33,"") -> -0.38021021 | H33: =IFERROR(D33/C33,"") -> 0.61979072 | L33: =A33 -> Glazing | M33: =B33 -> 1644464 | N33: =C33 -> 1644468 | O33: =D33 -> 1019226 | P33: =E33 -> 1.0000024
A34: HVAC | B34: 10893557 | C34: 10893559 | D34: 9514255 | E34: =C34/B34 -> 1.0000002 | F34: =D34/B34 -> 0.87338369 | G34: =_xlfn.IFNA(F34-E34,"") -> -0.12661649 | H34: =IFERROR(D34/C34,"") -> 0.87338353 | L34: =A34 -> HVAC | M34: =B34 -> 10893557 | N34: =C34 -> 10893559 | O34: =D34 -> 9514255 | P34: =E34 -> 1.0000002
A35: LPG System | B35: 148097 | C35: 148103 | D35: 122789 | E35: =C35/B35 -> 1.0000405 | F35: =D35/B35 -> 0.829112 | G35: =_xlfn.IFNA(F35-E35,"") -> -0.17092851 | H35: =IFERROR(D35/C35,"") -> 0.82907841 | L35: =A35 -> LPG System | M35: =B35 -> 148097 | N35: =C35 -> 148103 | O35: =D35 -> 122789 | P35: =E35 -> 1.0000405
A36: Masonry | B36: 1709702 | C36: 1709700 | D36: 1703030 | E36: =C36/B36 -> 0.99999883 | F36: =D36/B36 -> 0.99609757 | G36: =_xlfn.IFNA(F36-E36,"") -> -0.0039012647 | H36: =IFERROR(D36/C36,"") -> 0.99609873 | L36: =A36 -> Masonry | M36: =B36 -> 1709702 | N36: =C36 -> 1709700 | O36: =D36 -> 1703030 | P36: =E36 -> 0.99999883
A37: Natural Stone | B37: 2149353 | C37: 2152501 | D37: 1806754 | E37: =C37/B37 -> 1.0014646 | F37: =D37/B37 -> 0.84060366 | G37: =_xlfn.IFNA(F37-E37,"") -> -0.16086097 | H37: =IFERROR(D37/C37,"") -> 0.83937429 | L37: =A37 -> Natural Stone | M37: =B37 -> 2149353 | N37: =C37 -> 2152501 | O37: =D37 -> 1806754 | P37: =E37 -> 1.0014646
A38: Others Finishes | B38: 2559272 | C38: 2620288 | D38: 2135674 | E38: =C38/B38 -> 1.0238412 | F38: =D38/B38 -> 0.83448496 | G38: =_xlfn.IFNA(F38-E38,"") -> -0.18935619 | H38: =IFERROR(D38/C38,"") -> 0.81505315 | L38: =A38 -> Others Finishes | M38: =B38 -> 2559272 | N38: =C38 -> 2620288 | O38: =D38 -> 2135674 | P38: =E38 -> 1.0238412
A39: Paint | B39: 354486 | C39: 354488 | D39: 266580 | E39: =C39/B39 -> 1.0000056 | F39: =D39/B39 -> 0.75201842 | G39: =_xlfn.IFNA(F39-E39,"") -> -0.24798723 | H39: =IFERROR(D39/C39,"") -> 0.75201417
A40: Plaster | B40: 908192 | C40: 908194 | D40: 800329 | E40: =C40/B40 -> 1.0000022 | F40: =D40/B40 -> 0.88123326 | G40: =_xlfn.IFNA(F40-E40,"") -> -0.11876894 | H40: =IFERROR(D40/C40,"") -> 0.88123132
A41: Plumbing | B41: 2348697 | C41: 2348702 | D41: 1939800 | E41: =C41/B41 -> 1.0000021 | F41: =D41/B41 -> 0.82590475 | G41: =_xlfn.IFNA(F41-E41,"") -> -0.17409738 | H41: =IFERROR(D41/C41,"") -> 0.82590299
A42: Porcelain | B42: 1017975 | C42: 1017974 | D42: 852100 | E42: =C42/B42 -> 0.99999902 | F42: =D42/B42 -> 0.83705396 | G42: =_xlfn.IFNA(F42-E42,"") -> -0.16294506 | H42: =IFERROR(D42/C42,"") -> 0.83705478
A43: Prelims | B43: 5594621 | C43: 5573826 | D43: 23321997 | E43: =C43/B43 -> 0.99628304 | F43: =D43/B43 -> 4.1686465 | G43: =_xlfn.IFNA(F43-E43,"") -> 3.1723634 | H43: =IFERROR(D43/C43,"") -> 4.184199
A44: Site Works | B44: 8101845 | C44: 8101840 | D44: 6246369 | E44: =C44/B44 -> 0.99999938 | F44: =D44/B44 -> 0.77098105 | G44: =_xlfn.IFNA(F44-E44,"") -> -0.22901833 | H44: =IFERROR(D44/C44,"") -> 0.77098153
A45: Terrazo Tiles | B45: 271982 | C45: 271981 | D45: 228525 | E45: =C45/B45 -> 0.99999632 | F45: =D45/B45 -> 0.84022104 | G45: =_xlfn.IFNA(F45-E45,"") -> -0.15977528 | H45: =IFERROR(D45/C45,"") -> 0.84022413
A46: Grand Total | B46: 86743706 | C46: 86743752 | D46: 84700431 | E46: =C46/B46 -> 1.0000005 | F46: =D46/B46 -> 0.97644469 | G46: =_xlfn.IFNA(F46-E46,"") -> -0.023555842 | H46: =IFERROR(D46/C46,"") -> 0.97644417

Sheet Monthly Detailed EVM Hrs
A1: ='Weekly Detailed EVM Cost'!A1 -> Project Name | I1: ='Weekly Cost Summary'!N1 -> Data Date: | K1: ='Monthly Cost Summary'!S1 -> 44651
A2: ='Weekly Detailed EVM Cost'!A2 -> Location | I2: ='Weekly Cost Summary'!N2 -> Current Week | K2: ='Monthly Hrs Summary'!S2 -> 26
I3: ='Weekly Cost Summary'!N3 -> Total Weeks | K3: ='Weekly Cost Summary'!P3 -> 114
A5: 1817-Zone | B5: 1817-BOQ Summary | C5: Activity ID | D5: Activity Name | E5: Budget Hrs | F5: Planned Hrs | G5: Earned Hrs | H5: Planned % Hrs | I5: Planned Weightage % | J5: Actual Weightage % | K5: Actual % Complete | L5: Productivity
A6: Z1 | B6: Div 01 | C6: PRL-MOB-1020 | D6: Site Office Establishment | E6: 162 | F6: 162 | G6: 124 | H6: =IFERROR(F6/E6,"") -> 1 | I6: =IF(F6/ActivitySum!$C$1300=0%,"",F6/ActivitySum!$C$1300) -> 1.8675707e-06 | J6: =IF(G6/ActivitySum!$C$1300=0%,"",G6/ActivitySum!$C$1300) -> 1.4294985e-06 | K6: =IFERROR(G6/E6,"") -> 0.7654321 | L6: =IFERROR(G6/F6,"") -> 0.7654321
C7: PRL-MOB-1050 | D7: Project Sign Boards and Hoarding | E7: 162 | F7: 162 | G7: 124 | H7: =IFERROR(F7/E7,"") -> 1 | I7: =IF(F7/ActivitySum!$C$1300=0%,"",F7/ActivitySum!$C$1300) -> 1.8675707e-06 | J7: =IF(G7/ActivitySum!$C$1300=0%,"",G7/ActivitySum!$C$1300) -> 1.4294985e-06 | K7: =IFERROR(G7/E7,"") -> 0.7654321 | L7: =IFERROR(G7/F7,"") -> 0.7654321
C8: PRL-MOB-1100 | D8: Yards & Stores Establishment | E8: 190 | F8: 189 | G8: 145 | H8: =IFERROR(F8/E8,"") -> 0.99473684 | I8: =IF(F8/ActivitySum!$C$1300=0%,"",F8/ActivitySum!$C$1300) -> 2.1788324e-06 | J8: =IF(G8/ActivitySum!$C$1300=0%,"",G8/ActivitySum!$C$1300) -> 1.671591e-06 | K8: =IFERROR(G8/E8,"") -> 0.76315789 | L8: =IFERROR(G8/F8,"") -> 0.76719577
B9: Div 02 | C9: C-EW-10370 | D9: Excavation Stage 1 - Z1 | E9: 2271 | F9: 2272 | G9: 1249 | H9: =IFERROR(F9/E9,"") -> 1.0004403 | I9: =IF(F9/ActivitySum!$C$1300=0%,"",F9/ActivitySum!$C$1300) -> 2.6192102e-05 | J9: =IF(G9/ActivitySum!$C$1300=0%,"",G9/ActivitySum!$C$1300) -> 1.4398739e-05 | K9: =IFERROR(G9/E9,"") -> 0.54997798 | L9: =IFERROR(G9/F9,"") -> 0.54973592
C10: C-EW-10390 | D10: Excavation Stage 2 - Z1 | E10: 2272 | F10: 2272 | G10: 1250 | H10: =IFERROR(F10/E10,"") -> 1 | I10: =IF(F10/ActivitySum!$C$1300=0%,"",F10/ActivitySum!$C$1300) -> 2.6192102e-05 | J10: =IF(G10/ActivitySum!$C$1300=0%,"",G10/ActivitySum!$C$1300) -> 1.4410267e-05 | K10: =IFERROR(G10/E10,"") -> 0.55017606 | L10: =IFERROR(G10/F10,"") -> 0.55017606
C11: C-EW-10450 | D11: Waterproof Membrane on Gunite Wall - Z1-B1 | E11: 200 | F11: 200 | H11: =IFERROR(F11/E11,"") -> 1 | I11: =IF(F11/ActivitySum!$C$1300=0%,"",F11/ActivitySum!$C$1300) -> 2.3056428e-06 | J11: =IF(G11/ActivitySum!$C$1300=0%,"",G11/ActivitySum!$C$1300) | K11: =IFERROR(G11/E11,"") -> 0 | L11: =IFERROR(G11/F11,"") -> 0
C12: C-EW-2430 | D12: Waterproof Membrane on Gunite Wall - Z1-B2 | E12: 200 | F12: 200 | H12: =IFERROR(F12/E12,"") -> 1 | I12: =IF(F12/ActivitySum!$C$1300=0%,"",F12/ActivitySum!$C$1300) -> 2.3056428e-06 | J12: =IF(G12/ActivitySum!$C$1300=0%,"",G12/ActivitySum!$C$1300) | K12: =IFERROR(G12/E12,"") -> 0 | L12: =IFERROR(G12/F12,"") -> 0
C13: C-SHRNG-DCE-C-2330 | D13: Place Guide Wall - Z1 | E13: 249 | F13: 249 | G13: 274 | H13: =IFERROR(F13/E13,"") -> 1 | I13: =IF(F13/ActivitySum!$C$1300=0%,"",F13/ActivitySum!$C$1300) -> 2.8705253e-06 | J13: =IF(G13/ActivitySum!$C$1300=0%,"",G13/ActivitySum!$C$1300) -> 3.1587306e-06 | K13: =IFERROR(G13/E13,"") -> 1.1004016 | L13: =IFERROR(G13/F13,"") -> 1.1004016
C14: C-SHRNG-DCE-C-2350 | D14: Install Capping Beam - Z1 | E14: 2461 | F14: 2460 | G14: 1353 | H14: =IFERROR(F14/E14,"") -> 0.99959366 | I14: =IF(F14/ActivitySum!$C$1300=0%,"",F14/ActivitySum!$C$1300) -> 2.8359406e-05 | J14: =IF(G14/ActivitySum!$C$1300=0%,"",G14/ActivitySum!$C$1300) -> 1.5597673e-05 | K14: =IFERROR(G14/E14,"") -> 0.54977651 | L14: =IFERROR(G14/F14,"") -> 0.55
C15: PRL-MOB-SCW-2330 | D15: Clearing Existing Utilities | E15: 495 | F15: 494 | G15: 272 | H15: =IFERROR(F15/E15,"") -> 0.9979798 | I15: =IF(F15/ActivitySum!$C$1300=0%,"",F15/ActivitySum!$C$1300) -> 5.6949377e-06 | J15: =IF(G15/ActivitySum!$C$1300=0%,"",G15/ActivitySum!$C$1300) -> 3.1356742e-06 | K15: =IFERROR(G15/E15,"") -> 0.54949495 | L15: =IFERROR(G15/F15,"") -> 0.55060729
B16: Div 03 | C16: C-EW-2420 | D16: Gunite Wall - Z1 | E16: 333 | F16: 333 | G16: 283 | H16: =IFERROR(F16/E16,"") -> 1 | I16: =IF(F16/ActivitySum!$C$1300=0%,"",F16/ActivitySum!$C$1300) -> 3.8388952e-06 | J16: =IF(G16/ActivitySum!$C$1300=0%,"",G16/ActivitySum!$C$1300) -> 3.2624845e-06 | K16: =IFERROR(G16/E16,"") -> 0.84984985 | L16: =IFERROR(G16/F16,"") -> 0.84984985
C17: Z1-11460 | D17: Post Tensioning the Slab - Z1 - F1 | E17: 8 | F17: 8 | G17: 4 | H17: =IFERROR(F17/E17,"") -> 1 | I17: =IF(F17/ActivitySum!$C$1300=0%,"",F17/ActivitySum!$C$1300) -> 9.2225711e-08 | J17: =IF(G17/ActivitySum!$C$1300=0%,"",G17/ActivitySum!$C$1300) -> 4.6112856e-08 | K17: =IFERROR(G17/E17,"") -> 0.5 | L17: =IFERROR(G17/F17,"") -> 0.5
C18: Z1-11470 | D18: Post Tensioning the Slab - Z1 - F2 | E18: 8 | F18: 8 | G18: 7 | H18: =IFERROR(F18/E18,"") -> 1 | I18: =IF(F18/ActivitySum!$C$1300=0%,"",F18/ActivitySum!$C$1300) -> 9.2225711e-08 | J18: =IF(G18/ActivitySum!$C$1300=0%,"",G18/ActivitySum!$C$1300) -> 8.0697498e-08 | K18: =IFERROR(G18/E18,"") -> 0.875 | L18: =IFERROR(G18/F18,"") -> 0.875
C19: Z1-11480 | D19: Post Tensioning the Slab - Z1 - RF | E19: 8 | F19: 8 | G19: 7 | H19: =IFERROR(F19/E19,"") -> 1 | I19: =IF(F19/ActivitySum!$C$1300=0%,"",F19/ActivitySum!$C$1300) -> 9.2225711e-08 | J19: =IF(G19/ActivitySum!$C$1300=0%,"",G19/ActivitySum!$C$1300) -> 8.0697498e-08 | K19: =IFERROR(G19/E19,"") -> 0.875 | L19: =IFERROR(G19/F19,"") -> 0.875
C20: Z1-11490 | D20: Post Tensioning the Slab - Z1 - SRVF | E20: 8 | F20: 8 | G20: 7 | H20: =IFERROR(F20/E20,"") -> 1 | I20: =IF(F20/ActivitySum!$C$1300=0%,"",F20/ActivitySum!$C$1300) -> 9.2225711e-08 | J20: =IF(G20/ActivitySum!$C$1300=0%,"",G20/ActivitySum!$C$1300) -> 8.0697498e-08 | K20: =IFERROR(G20/E20,"") -> 0.875 | L20: =IFERROR(G20/F20,"") -> 0.875
C21: Z1-C-CON-2400 | D21: PCC Blind Concrete - Z1 - Lift Pit | E21: 6 | F21: 6 | G21: 5 | H21: =IFERROR(F21/E21,"") -> 1 | I21: =IF(F21/ActivitySum!$C$1300=0%,"",F21/ActivitySum!$C$1300) -> 6.9169284e-08 | J21: =IF(G21/ActivitySum!$C$1300=0%,"",G21/ActivitySum!$C$1300) -> 5.764107e-08 | K21: =IFERROR(G21/E21,"") -> 0.83333333 | L21: =IFERROR(G21/F21,"") -> 0.83333333
C22: Z1-C-CON-2440 | D22: Waterproof Membrane - Z1 - Lift Pit | E22: 40 | F22: 40 | G22: 34 | H22: =IFERROR(F22/E22,"") -> 1 | I22: =IF(F22/ActivitySum!$C$1300=0%,"",F22/ActivitySum!$C$1300) -> 4.6112856e-07 | J22: =IF(G22/ActivitySum!$C$1300=0%,"",G22/ActivitySum!$C$1300) -> 3.9195927e-07 | K22: =IFERROR(G22/E22,"") -> 0.85 | L22: =IFERROR(G22/F22,"") -> 0.85
C23: Z1-C-CON-2450 | D23: Protection Screed - Z1 - Lift Pit | E23: 24 | F23: 24 | G23: 20 | H23: =IFERROR(F23/E23,"") -> 1 | I23: =IF(F23/ActivitySum!$C$1300=0%,"",F23/ActivitySum!$C$1300) -> 2.7667713e-07 | J23: =IF(G23/ActivitySum!$C$1300=0%,"",G23/ActivitySum!$C$1300) -> 2.3056428e-07 | K23: =IFERROR(G23/E23,"") -> 0.83333333 | L23: =IFERROR(G23/F23,"") -> 0.83333333
C24: Z1-C-CON-2460 | D24: Fix Rebar - Z1 - Lift Pit | E24: 497 | F24: 497 | G24: 422 | H24: =IFERROR(F24/E24,"") -> 1 | I24: =IF(F24/ActivitySum!$C$1300=0%,"",F24/ActivitySum!$C$1300) -> 5.7295223e-06 | J24: =IF(G24/ActivitySum!$C$1300=0%,"",G24/ActivitySum!$C$1300) -> 4.8649063e-06 | K24: =IFERROR(G24/E24,"") -> 0.84909457 | L24: =IFERROR(G24/F24,"") -> 0.84909457
C25: Z1-C-CON-2480 | D25: Pour Concrete - Z1 - Lift Pit | E25: 95 | F25: 95 | G25: 81 | H25: =IFERROR(F25/E25,"") -> 1 | I25: =IF(F25/ActivitySum!$C$1300=0%,"",F25/ActivitySum!$C$1300) -> 1.0951803e-06 | J25: =IF(G25/ActivitySum!$C$1300=0%,"",G25/ActivitySum!$C$1300) -> 9.3378533e-07 | K25: =IFERROR(G25/E25,"") -> 0.85263158 | L25: =IFERROR(G25/F25,"") -> 0.85263158
C26: Z1-C-CON-2500 | D26: PCC Blind Concrete - Z1 - Raft | E26: 196 | F26: 196 | G26: 167 | H26: =IFERROR(F26/E26,"") -> 1 | I26: =IF(F26/ActivitySum!$C$1300=0%,"",F26/ActivitySum!$C$1300) -> 2.2595299e-06 | J26: =IF(G26/ActivitySum!$C$1300=0%,"",G26/ActivitySum!$C$1300) -> 1.9252117e-06 | K26: =IFERROR(G26/E26,"") -> 0.85204082 | L26: =IFERROR(G26/F26,"") -> 0.85204082
C27: Z1-C-CON-2510 | D27: Waterproof Membrane - Z1 - Raft | E27: 1560 | F27: 1560 | G27: 1326 | H27: =IFERROR(F27/E27,"") -> 1 | I27: =IF(F27/ActivitySum!$C$1300=0%,"",F27/ActivitySum!$C$1300) -> 1.7984014e-05 | J27: =IF(G27/ActivitySum!$C$1300=0%,"",G27/ActivitySum!$C$1300) -> 1.5286412e-05 | K27: =IFERROR(G27/E27,"") -> 0.85 | L27: =IFERROR(G27/F27,"") -> 0.85
C28: Z1-C-CON-2520 | D28: Protection Screed - Z1 - Raft | E28: 96 | F28: 96 | G28: 3 | H28: =IFERROR(F28/E28,"") -> 1 | I28: =IF(F28/ActivitySum!$C$1300=0%,"",F28/ActivitySum!$C$1300) -> 1.1067085e-06 | J28: =IF(G28/ActivitySum!$C$1300=0%,"",G28/ActivitySum!$C$1300) -> 3.4584642e-08 | K28: =IFERROR(G28/E28,"") -> 0.03125 | L28: =IFERROR(G28/F28,"") -> 0.03125
... C139: Z1-C-FIN-7390 | D139: GRP Linning - Z1 - B1 | E139: 100 | F139: 100 | G139: 50 | H139: =IFERROR(F139/E139,"") -> 1 | I139: =IF(F139/ActivitySum!$C$1300=0%,"",F139/ActivitySum!$C$1300) -> 1.1528214e-06 | J139: =IF(G139/ActivitySum!$C$1300=0%,"",G139/ActivitySum!$C$1300) -> 5.764107e-07 | K139: =IFERROR(G139/E139,"") -> 0.5 | L139: =IFERROR(G139/F139,"") -> 0.5
B140: Div 04 | C140: Z1-C-FIN-10120 | D140: Masonry Works Wet Area - Z1 - F2 | E140: 1048 | F140: 1048 | G140: 891 | H140: =IFERROR(F140/E140,"") -> 1 | I140: =IF(F140/ActivitySum!$C$1300=0%,"",F140/ActivitySum!$C$1300) -> 1.2081568e-05 | J140: =IF(G140/ActivitySum!$C$1300=0%,"",G140/ActivitySum!$C$1300) -> 1.0271639e-05 | K140: =IFERROR(G140/E140,"") -> 0.85019084 | L140: =IFERROR(G140/F140,"") -> 0.85019084
C141: Z1-C-FIN-10460 | D141: Masonry Works Dry Area - Z1 - F2 | E141: 1048 | F141: 1048 | G141: 891 | H141: =IFERROR(F141/E141,"") -> 1 | I141: =IF(F141/ActivitySum!$C$1300=0%,"",F141/ActivitySum!$C$1300) -> 1.2081568e-05 | J141: =IF(G141/ActivitySum!$C$1300=0%,"",G141/ActivitySum!$C$1300) -> 1.0271639e-05 | K141: =IFERROR(G141/E141,"") -> 0.85019084 | L141: =IFERROR(G141/F141,"") -> 0.85019084
C142: Z1-C-FIN-10760 | D142: Masonry Works Wet Area - Z1 - RF | E142: 896 | F142: 898 | G142: 777 | H142: =IFERROR(F142/E142,"") -> 1.0022321 | I142: =IF(F142/ActivitySum!$C$1300=0%,"",F142/ActivitySum!$C$1300) -> 1.0352336e-05 | J142: =IF(G142/ActivitySum!$C$1300=0%,"",G142/ActivitySum!$C$1300) -> 8.9574222e-06 | K142: =IFERROR(G142/E142,"") -> 0.8671875 | L142: =IFERROR(G142/F142,"") -> 0.86525612
C143: Z1-C-FIN-10940 | D143: Masonry Works Dry Area - Z1 - RF | E143: 896 | F143: 898 | G143: 532 | H143: =IFERROR(F143/E143,"") -> 1.0022321 | I143: =IF(F143/ActivitySum!$C$1300=0%,"",F143/ActivitySum!$C$1300) -> 1.0352336e-05 | J143: =IF(G143/ActivitySum!$C$1300=0%,"",G143/ActivitySum!$C$1300) -> 6.1330098e-06 | K143: =IFERROR(G143/E143,"") -> 0.59375 | L143: =IFERROR(G143/F143,"") -> 0.59242762
C144: Z1-C-FIN-5790 | D144: Masonry Works - Z1 - B2 | E144: 38 | F144: 38 | G144: 2 | H144: =IFERROR(F144/E144,"") -> 1 | I144: =IF(F144/ActivitySum!$C$1300=0%,"",F144/ActivitySum!$C$1300) -> 4.3807213e-07 | J144: =IF(G144/ActivitySum!$C$1300=0%,"",G144/ActivitySum!$C$1300) -> 2.3056428e-08 | K144: =IFERROR(G144/E144,"") -> 0.052631579 | L144: =IFERROR(G144/F144,"") -> 0.052631579
C145: Z1-C-FIN-7040 | D145: Masonry Works - Z1 - B1 | E145: 378 | F145: 376 | G145: 212 | H145: =IFERROR(F145/E145,"") -> 0.99470899 | I145: =IF(F145/ActivitySum!$C$1300=0%,"",F145/ActivitySum!$C$1300) -> 4.3346084e-06 | J145: =IF(G145/ActivitySum!$C$1300=0%,"",G145/ActivitySum!$C$1300) -> 2.4439814e-06 | K145: =IFERROR(G145/E145,"") -> 0.56084656 | L145: =IFERROR(G145/F145,"") -> 0.56382979
C146: Z1-C-FIN-8330 | D146: Masonry Works - Z1 - GF | E146: 2762 | F146: 2764 | G146: 1380 | H146: =IFERROR(F146/E146,"") -> 1.0007241 | I146: =IF(F146/ActivitySum!$C$1300=0%,"",F146/ActivitySum!$C$1300) -> 3.1863983e-05 | J146: =IF(G146/ActivitySum!$C$1300=0%,"",G146/ActivitySum!$C$1300) -> 1.5908935e-05 | K146: =IFERROR(G146/E146,"") -> 0.49963794 | L146: =IFERROR(G146/F146,"") -> 0.49927641
C147: Z1-C-FIN-9490 | D147: Masonry Works Wet + Dry Area - Z1 - F1 | E147: 1784 | F147: 1782 | G147: 1517 | H147: =IFERROR(F147/E147,"") -> 0.99887892 | I147: =IF(F147/ActivitySum!$C$1300=0%,"",F147/ActivitySum!$C$1300) -> 2.0543277e-05 | J147: =IF(G147/ActivitySum!$C$1300=0%,"",G147/ActivitySum!$C$1300) -> 1.7488301e-05 | K147: =IFERROR(G147/E147,"") -> 0.85033632 | L147: =IFERROR(G147/F147,"") -> 0.85129068
B148: Div 05 | C148: A7120 | D148: Signages - F2 | E148: 20 | F148: 20 | H148: =IFERROR(F148/E148,"") -> 1 | I148: =IF(F148/ActivitySum!$C$1300=0%,"",F148/ActivitySum!$C$1300) -> 2.3056428e-07 | J148: =IF(G148/ActivitySum!$C$1300=0%,"",G148/ActivitySum!$C$1300) | K148: =IFERROR(G148/E148,"") -> 0 | L148: =IFERROR(G148/F148,"") -> 0
C149: A7200 | D149: Signages - RF | E149: 20 | F149: 20 | H149: =IFERROR(F149/E149,"") -> 1 | I149: =IF(F149/ActivitySum!$C$1300=0%,"",F149/ActivitySum!$C$1300) -> 2.3056428e-07 | J149: =IF(G149/ActivitySum!$C$1300=0%,"",G149/ActivitySum!$C$1300) | K149: =IFERROR(G149/E149,"") -> 0 | L149: =IFERROR(G149/F149,"") -> 0
C150: A9750 | D150: Install Steel Grating Drive Way - B2 | E150: 50 | F150: 50 | H150: =IFERROR(F150/E150,"") -> 1 | I150: =IF(F150/ActivitySum!$C$1300=0%,"",F150/ActivitySum!$C$1300) -> 5.764107e-07 | J150: =IF(G150/ActivitySum!$C$1300=0%,"",G150/ActivitySum!$C$1300) | K150: =IFERROR(G150/E150,"") -> 0 | L150: =IFERROR(G150/F150,"") -> 0
C151: A9760 | D151: Install Road Signages Drive Way - B2 | E151: 50 | F151: 50 | H151: =IFERROR(F151/E151,"") -> 1 | I151: =IF(F151/ActivitySum!$C$1300=0%,"",F151/ActivitySum!$C$1300) -> 5.764107e-07 | J151: =IF(G151/ActivitySum!$C$1300=0%,"",G151/ActivitySum!$C$1300) | K151: =IFERROR(G151/E151,"") -> 0 | L151: =IFERROR(G151/F151,"") -> 0
C152: A9800 | D152: Install Steel Grating Drive Way - B1 | E152: 51 | F152: 50 | H152: =IFERROR(F152/E152,"") -> 0.98039216 | I152: =IF(F152/ActivitySum!$C$1300=0%,"",F152/ActivitySum!$C$1300) -> 5.764107e-07 | J152: =IF(G152/ActivitySum!$C$1300=0%,"",G152/ActivitySum!$C$1300) | K152: =IFERROR(G152/E152,"") -> 0 | L152: =IFERROR(G152/F152,"") -> 0
C153: A9830 | D153: Install Road Signages Drive Way - B1 | E153: 50 | F153: 50 | H153: =IFERROR(F153/E153,"") -> 1 | I153: =IF(F153/ActivitySum!$C$1300=0%,"",F153/ActivitySum!$C$1300) -> 5.764107e-07 | J153: =IF(G153/ActivitySum!$C$1300=0%,"",G153/ActivitySum!$C$1300) | K153: =IFERROR(G153/E153,"") -> 0 | L153: =IFERROR(G153/F153,"") -> 0
C154: C-FIN-ENVLP-9550 | D154: Fix Steel Decore - GF to SRVF (Elev. 1 & 4) | E154: 1508 | F154: 1509 | G154: 1282 | H154: =IFERROR(F154/E154,"") -> 1.0006631 | I154: =IF(F154/ActivitySum!$C$1300=0%,"",F154/ActivitySum!$C$1300) -> 1.7396075e-05 | J154: =IF(G154/ActivitySum!$C$1300=0%,"",G154/ActivitySum!$C$1300) -> 1.477917e-05 | K154: =IFERROR(G154/E154,"") -> 0.85013263 | L154: =IFERROR(G154/F154,"") -> 0.84956925
C155: C-FIN-ENVLP-9640 | D155: Install Aluminum & Wood Roof Features | E155: 611 | F155: 611 | G155: 519 | H155: =IFERROR(F155/E155,"") -> 1 | I155: =IF(F155/ActivitySum!$C$1300=0%,"",F155/ActivitySum!$C$1300) -> 7.0437387e-06 | J155: =IF(G155/ActivitySum!$C$1300=0%,"",G155/ActivitySum!$C$1300) -> 5.983143e-06 | K155: =IFERROR(G155/E155,"") -> 0.84942717 | L155: =IFERROR(G155/F155,"") -> 0.84942717
C156: Z1-C-FIN-6150 | D156: Fix Galvonized Iron Cat Ladder - Z1 - B2 | E156: 25 | F156: 25 | G156: 2 | H156: =IFERROR(F156/E156,"") -> 1 | I156: =IF(F156/ActivitySum!$C$1300=0%,"",F156/ActivitySum!$C$1300) -> 2.8820535e-07 | J156: =IF(G156/ActivitySum!$C$1300=0%,"",G156/ActivitySum!$C$1300) -> 2.3056428e-08 | K156: =IFERROR(G156/E156,"") -> 0.08 | L156: =IFERROR(G156/F156,"") -> 0.08
C157: Z1-C-FIN-7400 | D157: Fix Galvonized Iron Cat Ladder - Z1 - B1 | E157: 45 | F157: 45 | G157: 11 | H157: =IFERROR(F157/E157,"") -> 1 | I157: =IF(F157/ActivitySum!$C$1300=0%,"",F157/ActivitySum!$C$1300) -> 5.1876963e-07 | J157: =IF(G157/ActivitySum!$C$1300=0%,"",G157/ActivitySum!$C$1300) -> 1.2681035e-07 | K157: =IFERROR(G157/E157,"") -> 0.24444444 | L157: =IFERROR(G157/F157,"") -> 0.24444444
C158: Z1-C-FIN-SCASE-8810 | D158: Install Haindrails Staircase - Z1 - B2 - SRVF | E158: 610 | F158: 610 | G158: 518 | H158: =IFERROR(F158/E158,"") -> 1 | I158: =IF(F158/ActivitySum!$C$1300=0%,"",F158/ActivitySum!$C$1300) -> 7.0322105e-06 | J158: =IF(G158/ActivitySum!$C$1300=0%,"",G158/ActivitySum!$C$1300) -> 5.9716148e-06 | K158: =IFERROR(G158/E158,"") -> 0.84918033 | L158: =IFERROR(G158/F158,"") -> 0.84918033
B159: Div 06 | C159: Z1-C-FIN-10710 | D159: Fix Furniture & Counter Works kitchen/Pantry - Z1 - F2 | E159: 450 | F159: 450 | G159: 382 | H159: =IFERROR(F159/E159,"") -> 1 | I159: =IF(F159/ActivitySum!$C$1300=0%,"",F159/ActivitySum!$C$1300) -> 5.1876963e-06 | J159: =IF(G159/ActivitySum!$C$1300=0%,"",G159/ActivitySum!$C$1300) -> 4.4037777e-06 | K159: =IFERROR(G159/E159,"") -> 0.84888889 | L159: =IFERROR(G159/F159,"") -> 0.84888889
C160: Z1-C-FIN-11180 | D160: Fix Furniture & Counter Works kitchen/Pantry - Z1 - RF | E160: 450 | F160: 450 | G160: 382 | H160: =IFERROR(F160/E160,"") -> 1 | I160: =IF(F160/ActivitySum!$C$1300=0%,"",F160/ActivitySum!$C$1300) -> 5.1876963e-06 | J160: =IF(G160/ActivitySum!$C$1300=0%,"",G160/ActivitySum!$C$1300) -> 4.4037777e-06 | K160: =IFERROR(G160/E160,"") -> 0.84888889 | L160: =IFERROR(G160/F160,"") -> 0.84888889
B161: Div 07 | C161: C-FIN-ENVLP-9540 | D161: Osmotic Cement Waterproof - GF to SRVF (Elev. 1 & 4) | E161: 1149 | F161: 1148 | G161: 1166 | H161: =IFERROR(F161/E161,"") -> 0.99912968 | I161: =IF(F161/ActivitySum!$C$1300=0%,"",F161/ActivitySum!$C$1300) -> 1.323439e-05 | J161: =IF(G161/ActivitySum!$C$1300=0%,"",G161/ActivitySum!$C$1300) -> 1.3441897e-05 | K161: =IFERROR(G161/E161,"") -> 1.0147955 | L161: =IFERROR(G161/F161,"") -> 1.0156794
C162: Z123-C-FIN-18510 | D162: Foam Concrete - Z123 - TRF | E162: 1960 | F162: 1960 | G162: 1666 | H162: =IFERROR(F162/E162,"") -> 1 | I162: =IF(F162/ActivitySum!$C$1300=0%,"",F162/ActivitySum!$C$1300) -> 2.2595299e-05 | J162: =IF(G162/ActivitySum!$C$1300=0%,"",G162/ActivitySum!$C$1300) -> 1.9206004e-05 | K162: =IFERROR(G162/E162,"") -> 0.85 | L162: =IFERROR(G162/F162,"") -> 0.85
C163: Z123-C-FIN-18520 | D163: 4mm Waterproof Membrane Wet Area - Z123 - TRF | E163: 1960 | F163: 1960 | G163: 1666 | H163: =IFERROR(F163/E163,"") -> 1 | I163: =IF(F163/ActivitySum!$C$1300=0%,"",F163/ActivitySum!$C$1300) -> 2.2595299e-05 | J163: =IF(G163/ActivitySum!$C$1300=0%,"",G163/ActivitySum!$C$1300) -> 1.9206004e-05 | K163: =IFERROR(G163/E163,"") -> 0.85 | L163: =IFERROR(G163/F163,"") -> 0.85
C164: Z123-C-FIN-18530 | D164: Protection Screed Wet Area - Z123 - TRF | E164: 1960 | F164: 1960 | G164: 1666 | H164: =IFERROR(F164/E164,"") -> 1 | I164: =IF(F164/ActivitySum!$C$1300=0%,"",F164/ActivitySum!$C$1300) -> 2.2595299e-05 | J164: =IF(G164/ActivitySum!$C$1300=0%,"",G164/ActivitySum!$C$1300) -> 1.9206004e-05 | K164: =IFERROR(G164/E164,"") -> 0.85 | L164: =IFERROR(G164/F164,"") -> 0.85
C165: Z123-C-FIN-18550 | D165: Polystyrene Thermal Insulation - Z123 - TRF | E165: 32 | F165: 34 | G165: 27 | H165: =IFERROR(F165/E165,"") -> 1.0625 | I165: =IF(F165/ActivitySum!$C$1300=0%,"",F165/ActivitySum!$C$1300) -> 3.9195927e-07 | J165: =IF(G165/ActivitySum!$C$1300=0%,"",G165/ActivitySum!$C$1300) -> 3.1126178e-07 | K165: =IFERROR(G165/E165,"") -> 0.84375 | L165: =IFERROR(G165/F165,"") -> 0.79411765
C166: Z123-C-FIN-18560 | D166: Roof Floor Terrazo Tiles Wet Area - Z123 - TRF | E166: 192 | F166: 194 | G166: 163 | H166: =IFERROR(F166/E166,"") -> 1.0104167 | I166: =IF(F166/ActivitySum!$C$1300=0%,"",F166/ActivitySum!$C$1300) -> 2.2364735e-06 | J166: =IF(G166/ActivitySum!$C$1300=0%,"",G166/ActivitySum!$C$1300) -> 1.8790989e-06 | K166: =IFERROR(G166/E166,"") -> 0.84895833 | L166: =IFERROR(G166/F166,"") -> 0.84020619
C167: Z1-C-FIN-10490 | D167: Waterproof Bath - Z1 - F2 | E167: 34 | F167: 34 | G167: 8 | H167: =IFERROR(F167/E167,"") -> 1 | I167: =IF(F167/ActivitySum!$C$1300=0%,"",F167/ActivitySum!$C$1300) -> 3.9195927e-07 | J167: =IF(G167/ActivitySum!$C$1300=0%,"",G167/ActivitySum!$C$1300) -> 9.2225711e-08 | K167: =IFERROR(G167/E167,"") -> 0.23529412 | L167: =IFERROR(G167/F167,"") -> 0.23529412
C168: Z1-C-FIN-10500 | D168: Protection Screed Bath - Z1 - F2 | E168: 32 | F168: 32 | G168: 21 | H168: =IFERROR(F168/E168,"") -> 1 | I168: =IF(F168/ActivitySum!$C$1300=0%,"",F168/ActivitySum!$C$1300) -> 3.6890285e-07 | J168: =IF(G168/ActivitySum!$C$1300=0%,"",G168/ActivitySum!$C$1300) -> 2.4209249e-07 | K168: =IFERROR(G168/E168,"") -> 0.65625 | L168: =IFERROR(G168/F168,"") -> 0.65625
C169: Z1-C-FIN-10590 | D169: Waterproof kitchen/Pantry - Z1 - F2 | E169: 34 | F169: 34 | G169: 8 | H169: =IFERROR(F169/E169,"") -> 1 | I169: =IF(F169/ActivitySum!$C$1300=0%,"",F169/ActivitySum!$C$1300) -> 3.9195927e-07 | J169: =IF(G169/ActivitySum!$C$1300=0%,"",G169/ActivitySum!$C$1300) -> 9.2225711e-08 | K169: =IFERROR(G169/E169,"") -> 0.23529412 | L169: =IFERROR(G169/F169,"") -> 0.23529412
C170: Z1-C-FIN-10600 | D170: Protection Screed kitchen/Pantry - Z1 - F2 | E170: 34 | F170: 34 | G170: 8 | H170: =IFERROR(F170/E170,"") -> 1 | I170: =IF(F170/ActivitySum!$C$1300=0%,"",F170/ActivitySum!$C$1300) -> 3.9195927e-07 | J170: =IF(G170/ActivitySum!$C$1300=0%,"",G170/ActivitySum!$C$1300) -> 9.2225711e-08 | K170: =IFERROR(G170/E170,"") -> 0.23529412 | L170: =IFERROR(G170/F170,"") -> 0.23529412
C171: Z1-C-FIN-10670 | D171: Waterproof Garbage Room - Z1 - F2 | E171: 34 | F171: 34 | G171: 8 | H171: =IFERROR(F171/E171,"") -> 1 | I171: =IF(F171/ActivitySum!$C$1300=0%,"",F171/ActivitySum!$C$1300) -> 3.9195927e-07 | J171: =IF(G171/ActivitySum!$C$1300=0%,"",G171/ActivitySum!$C$1300) -> 9.2225711e-08 | K171: =IFERROR(G171/E171,"") -> 0.23529412 | L171: =IFERROR(G171/F171,"") -> 0.23529412
C172: Z1-C-FIN-10680 | D172: Protection Screed Garbage Room - Z1 - F2 | E172: 32 | F172: 32 | G172: 21 | H172: =IFERROR(F172/E172,"") -> 1 | I172: =IF(F172/ActivitySum!$C$1300=0%,"",F172/ActivitySum!$C$1300) -> 3.6890285e-07 | J172: =IF(G172/ActivitySum!$C$1300=0%,"",G172/ActivitySum!$C$1300) -> 2.4209249e-07 | K172: =IFERROR(G172/E172,"") -> 0.65625 | L172: =IFERROR(G172/F172,"") -> 0.65625
C173: Z1-C-FIN-11000 | D173: Waterproof Bath - Z1 - RF | E173: 34 | F173: 34 | G173: 29 | H173: =IFERROR(F173/E173,"") -> 1 | I173: =IF(F173/ActivitySum!$C$1300=0%,"",F173/ActivitySum!$C$1300) -> 3.9195927e-07 | J173: =IF(G173/ActivitySum!$C$1300=0%,"",G173/ActivitySum!$C$1300) -> 3.343182e-07 | K173: =IFERROR(G173/E173,"") -> 0.85294118 | L173: =IFERROR(G173/F173,"") -> 0.85294118
... C179: Z1-C-FIN-8870 | D179: Waterproof & Screed Garbage Room - Z1 - GF | E179: 34 | F179: 34 | G179: 29 | H179: =IFERROR(F179/E179,"") -> 1 | I179: =IF(F179/ActivitySum!$C$1300=0%,"",F179/ActivitySum!$C$1300) -> 3.9195927e-07 | J179: =IF(G179/ActivitySum!$C$1300=0%,"",G179/ActivitySum!$C$1300) -> 3.343182e-07 | K179: =IFERROR(G179/E179,"") -> 0.85294118 | L179: =IFERROR(G179/F179,"") -> 0.85294118
B180: Div 08 | C180: A7100 | D180: Fix Windows & Door Frame & Leaf - F2 | E180: 222 | F180: 222 | G180: 189 | H180: =IFERROR(F180/E180,"") -> 1 | I180: =IF(F180/ActivitySum!$C$1300=0%,"",F180/ActivitySum!$C$1300) -> 2.5592635e-06 | J180: =IF(G180/ActivitySum!$C$1300=0%,"",G180/ActivitySum!$C$1300) -> 2.1788324e-06 | K180: =IFERROR(G180/E180,"") -> 0.85135135 | L180: =IFERROR(G180/F180,"") -> 0.85135135
C181: A7110 | D181: Fix Ironmongery - F2 | E181: 222 | F181: 222 | G181: 189 | H181: =IFERROR(F181/E181,"") -> 1 | I181: =IF(F181/ActivitySum!$C$1300=0%,"",F181/ActivitySum!$C$1300) -> 2.5592635e-06 | J181: =IF(G181/ActivitySum!$C$1300=0%,"",G181/ActivitySum!$C$1300) -> 2.1788324e-06 | K181: =IFERROR(G181/E181,"") -> 0.85135135 | L181: =IFERROR(G181/F181,"") -> 0.85135135
C182: A7180 | D182: Fix Windows & Door Frame & Leaf - RF | E182: 224 | F182: 222 | G182: 191 | H182: =IFERROR(F182/E182,"") -> 0.99107143 | I182: =IF(F182/ActivitySum!$C$1300=0%,"",F182/ActivitySum!$C$1300) -> 2.5592635e-06 | J182: =IF(G182/ActivitySum!$C$1300=0%,"",G182/ActivitySum!$C$1300) -> 2.2018889e-06 | K182: =IFERROR(G182/E182,"") -> 0.85267857 | L182: =IFERROR(G182/F182,"") -> 0.86036036
C183: A7190 | D183: Fix Ironmongery - RF | E183: 222 | F183: 222 | G183: 189 | H183: =IFERROR(F183/E183,"") -> 1 | I183: =IF(F183/ActivitySum!$C$1300=0%,"",F183/ActivitySum!$C$1300) -> 2.5592635e-06 | J183: =IF(G183/ActivitySum!$C$1300=0%,"",G183/ActivitySum!$C$1300) -> 2.1788324e-06 | K183: =IFERROR(G183/E183,"") -> 0.85135135 | L183: =IFERROR(G183/F183,"") -> 0.85135135
C184: C-FIN-ENVLP-9530 | D184: Fix Aluminum Glazing Pannels - GF to SRVF (Elev. 1 & 4) | E184: 2736 | F184: 2738 | G184: 1696 | H184: =IFERROR(F184/E184,"") -> 1.000731 | I184: =IF(F184/ActivitySum!$C$1300=0%,"",F184/ActivitySum!$C$1300) -> 3.156425e-05 | J184: =IF(G184/ActivitySum!$C$1300=0%,"",G184/ActivitySum!$C$1300) -> 1.9551851e-05 | K184: =IFERROR(G184/E184,"") -> 0.61988304 | L184: =IFERROR(G184/F184,"") -> 0.61943024
C185: Z1-C-FIN-10370 | D185: Fix Door Subframes Wet Area - Z1 - F2 | E185: 70 | F185: 70 | G185: 59 | H185: =IFERROR(F185/E185,"") -> 1 | I185: =IF(F185/ActivitySum!$C$1300=0%,"",F185/ActivitySum!$C$1300) -> 8.0697498e-07 | J185: =IF(G185/ActivitySum!$C$1300=0%,"",G185/ActivitySum!$C$1300) -> 6.8016462e-07 | K185: =IFERROR(G185/E185,"") -> 0.84285714 | L185: =IFERROR(G185/F185,"") -> 0.84285714
C186: Z1-C-FIN-10470 | D186: Fix Door Subframes Dry Area - Z1 - F2 | E186: 70 | F186: 70 | G186: 59 | H186: =IFERROR(F186/E186,"") -> 1 | I186: =IF(F186/ActivitySum!$C$1300=0%,"",F186/ActivitySum!$C$1300) -> 8.0697498e-07 | J186: =IF(G186/ActivitySum!$C$1300=0%,"",G186/ActivitySum!$C$1300) -> 6.8016462e-07 | K186: =IFERROR(G186/E186,"") -> 0.84285714 | L186: =IFERROR(G186/F186,"") -> 0.84285714
C187: Z1-C-FIN-10900 | D187: Fix Door Subframes Wet Area - Z1 - RF | E187: 70 | F187: 70 | G187: 59 | H187: =IFERROR(F187/E187,"") -> 1 | I187: =IF(F187/ActivitySum!$C$1300=0%,"",F187/ActivitySum!$C$1300) -> 8.0697498e-07 | J187: =IF(G187/ActivitySum!$C$1300=0%,"",G187/ActivitySum!$C$1300) -> 6.8016462e-07 | K187: =IFERROR(G187/E187,"") -> 0.84285714 | L187: =IFERROR(G187/F187,"") -> 0.84285714
C188: Z1-C-FIN-10960 | D188: Fix Door Subframes Dry Area - Z1 - RF | E188: 70 | F188: 70 | G188: 59 | H188: =IFERROR(F188/E188,"") -> 1 | I188: =IF(F188/ActivitySum!$C$1300=0%,"",F188/ActivitySum!$C$1300) -> 8.0697498e-07 | J188: =IF(G188/ActivitySum!$C$1300=0%,"",G188/ActivitySum!$C$1300) -> 6.8016462e-07 | K188: =IFERROR(G188/E188,"") -> 0.84285714 | L188: =IFERROR(G188/F188,"") -> 0.84285714
C189: Z1-C-FIN-18600 | D189: Fix Doors - Z1 - B1 | E189: 103 | F189: 103 | G189: 88 | H189: =IFERROR(F189/E189,"") -> 1 | I189: =IF(F189/ActivitySum!$C$1300=0%,"",F189/ActivitySum!$C$1300) -> 1.187406e-06 | J189: =IF(G189/ActivitySum!$C$1300=0%,"",G189/ActivitySum!$C$1300) -> 1.0144828e-06 | K189: =IFERROR(G189/E189,"") -> 0.85436893 | L189: =IFERROR(G189/F189,"") -> 0.85436893
C190: Z1-C-FIN-18640 | D190: Fix Doors - Z1 - B1 | E190: 103 | F190: 103 | G190: 88 | H190: =IFERROR(F190/E190,"") -> 1 | I190: =IF(F190/ActivitySum!$C$1300=0%,"",F190/ActivitySum!$C$1300) -> 1.187406e-06 | J190: =IF(G190/ActivitySum!$C$1300=0%,"",G190/ActivitySum!$C$1300) -> 1.0144828e-06 | K190: =IFERROR(G190/E190,"") -> 0.85436893 | L190: =IFERROR(G190/F190,"") -> 0.85436893
C191: Z1-C-FIN-18690 | D191: Fix Doors Loading Room - Z1 - GF | E191: 103 | F191: 103 | G191: 88 | H191: =IFERROR(F191/E191,"") -> 1 | I191: =IF(F191/ActivitySum!$C$1300=0%,"",F191/ActivitySum!$C$1300) -> 1.187406e-06 | J191: =IF(G191/ActivitySum!$C$1300=0%,"",G191/ActivitySum!$C$1300) -> 1.0144828e-06 | K191: =IFERROR(G191/E191,"") -> 0.85436893 | L191: =IFERROR(G191/F191,"") -> 0.85436893
C192: Z1-C-FIN-18730 | D192: Fix Doors Serv. Rooms - Z1 - F1 | E192: 103 | F192: 103 | G192: 88 | H192: =IFERROR(F192/E192,"") -> 1 | I192: =IF(F192/ActivitySum!$C$1300=0%,"",F192/ActivitySum!$C$1300) -> 1.187406e-06 | J192: =IF(G192/ActivitySum!$C$1300=0%,"",G192/ActivitySum!$C$1300) -> 1.0144828e-06 | K192: =IFERROR(G192/E192,"") -> 0.85436893 | L192: =IFERROR(G192/F192,"") -> 0.85436893
... C205: Z1-C-FIN-9790 | D205: Fix Doors Serv. Area - Z1 - F1 | E205: 103 | F205: 103 | G205: 88 | H205: =IFERROR(F205/E205,"") -> 1 | I205: =IF(F205/ActivitySum!$C$1300=0%,"",F205/ActivitySum!$C$1300) -> 1.187406e-06 | J205: =IF(G205/ActivitySum!$C$1300=0%,"",G205/ActivitySum!$C$1300) -> 1.0144828e-06 | K205: =IFERROR(G205/E205,"") -> 0.85436893 | L205: =IFERROR(G205/F205,"") -> 0.85436893
B206: Div 09 | C206: A9740 | D206: Traffic Deck Coating Drive Way - B2 | E206: 631 | F206: 630 | G206: 536 | H206: =IFERROR(F206/E206,"") -> 0.99841521 | I206: =IF(F206/ActivitySum!$C$1300=0%,"",F206/ActivitySum!$C$1300) -> 7.2627748e-06 | J206: =IF(G206/ActivitySum!$C$1300=0%,"",G206/ActivitySum!$C$1300) -> 6.1791227e-06 | K206: =IFERROR(G206/E206,"") -> 0.84944532 | L206: =IFERROR(G206/F206,"") -> 0.85079365
C207: A9790 | D207: Traffic Marking Drive Way - B2 | E207: 630 | F207: 630 | G207: 535 | H207: =IFERROR(F207/E207,"") -> 1 | I207: =IF(F207/ActivitySum!$C$1300=0%,"",F207/ActivitySum!$C$1300) -> 7.2627748e-06 | J207: =IF(G207/ActivitySum!$C$1300=0%,"",G207/ActivitySum!$C$1300) -> 6.1675945e-06 | K207: =IFERROR(G207/E207,"") -> 0.84920635 | L207: =IFERROR(G207/F207,"") -> 0.84920635
C208: A9810 | D208: Traffic Deck Coating Drive Way - B1 | E208: 631 | F208: 630 | G208: 536 | H208: =IFERROR(F208/E208,"") -> 0.99841521 | I208: =IF(F208/ActivitySum!$C$1300=0%,"",F208/ActivitySum!$C$1300) -> 7.2627748e-06 | J208: =IF(G208/ActivitySum!$C$1300=0%,"",G208/ActivitySum!$C$1300) -> 6.1791227e-06 | K208: =IFERROR(G208/E208,"") -> 0.84944532 | L208: =IFERROR(G208/F208,"") -> 0.85079365
C209: A9840 | D209: Traffic Marking Drive Way - B1 | E209: 630 | F209: 630 | G209: 536 | H209: =IFERROR(F209/E209,"") -> 1 | I209: =IF(F209/ActivitySum!$C$1300=0%,"",F209/ActivitySum!$C$1300) -> 7.2627748e-06 | J209: =IF(G209/ActivitySum!$C$1300=0%,"",G209/ActivitySum!$C$1300) -> 6.1791227e-06 | K209: =IFERROR(G209/E209,"") -> 0.85079365 | L209: =IFERROR(G209/F209,"") -> 0.85079365
C210: C-FIN-ENVLP-9490 | D210: Fix Brackets for Natural Stone - GF to SRVF (Elev. 1 & 4) | E210: 286 | F210: 288 | G210: 243 | H210: =IFERROR(F210/E210,"") -> 1.006993 | I210: =IF(F210/ActivitySum!$C$1300=0%,"",F210/ActivitySum!$C$1300) -> 3.3201256e-06 | J210: =IF(G210/ActivitySum!$C$1300=0%,"",G210/ActivitySum!$C$1300) -> 2.801356e-06 | K210: =IFERROR(G210/E210,"") -> 0.84965035 | L210: =IFERROR(G210/F210,"") -> 0.84375
C211: C-FIN-ENVLP-9510 | D211: Fix Natural Stone All types- GF to SRVF (Elev. 1 & 4) | E211: 6241 | F211: 6240 | G211: 5305 | H211: =IFERROR(F211/E211,"") -> 0.99983977 | I211: =IF(F211/ActivitySum!$C$1300=0%,"",F211/ActivitySum!$C$1300) -> 7.1936055e-05 | J211: =IF(G211/ActivitySum!$C$1300=0%,"",G211/ActivitySum!$C$1300) -> 6.1157175e-05 | K211: =IFERROR(G211/E211,"") -> 0.85002403 | L211: =IFERROR(G211/F211,"") -> 0.85016026
C212: C-FIN-ENVLP-9610 | D212: Fix Wooden Decorarive Features (Elev. 1 & 4) | E212: 598 | F212: 598 | G212: 509 | H212: =IFERROR(F212/E212,"") -> 1 | I212: =IF(F212/ActivitySum!$C$1300=0%,"",F212/ActivitySum!$C$1300) -> 6.8938719e-06 | J212: =IF(G212/ActivitySum!$C$1300=0%,"",G212/ActivitySum!$C$1300) -> 5.8678609e-06 | K212: =IFERROR(G212/E212,"") -> 0.85117057 | L212: =IFERROR(G212/F212,"") -> 0.85117057
C213: C-FIN-ENVLP-9730 | D213: External Plaster - GF to SRVF (Elev. 1 & 4) | E213: 165 | F213: 164 | G213: 140 | H213: =IFERROR(F213/E213,"") -> 0.99393939 | I213: =IF(F213/ActivitySum!$C$1300=0%,"",F213/ActivitySum!$C$1300) -> 1.8906271e-06 | J213: =IF(G213/ActivitySum!$C$1300=0%,"",G213/ActivitySum!$C$1300) -> 1.61395e-06 | K213: =IFERROR(G213/E213,"") -> 0.84848485 | L213: =IFERROR(G213/F213,"") -> 0.85365854
C214: Z1-C-FIN-10050 | D214: Anti Fungal Paint - Z1 - F1 | E214: 302 | F214: 302 | G214: 257 | H214: =IFERROR(F214/E214,"") -> 1 | I214: =IF(F214/ActivitySum!$C$1300=0%,"",F214/ActivitySum!$C$1300) -> 3.4815206e-06 | J214: =IF(G214/ActivitySum!$C$1300=0%,"",G214/ActivitySum!$C$1300) -> 2.962751e-06 | K214: =IFERROR(G214/E214,"") -> 0.85099338 | L214: =IFERROR(G214/F214,"") -> 0.85099338
C215: Z1-C-FIN-10130 | D215: Plaster Works Wet Area - Z1 - F2 | E215: 4823 | F215: 4824 | G215: 4100 | H215: =IFERROR(F215/E215,"") -> 1.0002073 | I215: =IF(F215/ActivitySum!$C$1300=0%,"",F215/ActivitySum!$C$1300) -> 5.5612104e-05 | J215: =IF(G215/ActivitySum!$C$1300=0%,"",G215/ActivitySum!$C$1300) -> 4.7265677e-05 | K215: =IFERROR(G215/E215,"") -> 0.8500933 | L215: =IFERROR(G215/F215,"") -> 0.84991708
C216: Z1-C-FIN-10180 | D216: Fix False Ceiling Suspension Lift Lobby - Z1 - F2 | E216: 390 | F216: 391 | G216: 381 | H216: =IFERROR(F216/E216,"") -> 1.0025641 | I216: =IF(F216/ActivitySum!$C$1300=0%,"",F216/ActivitySum!$C$1300) -> 4.5075316e-06 | J216: =IF(G216/ActivitySum!$C$1300=0%,"",G216/ActivitySum!$C$1300) -> 4.3922495e-06 | K216: =IFERROR(G216/E216,"") -> 0.97692308 | L216: =IFERROR(G216/F216,"") -> 0.97442455
C217: Z1-C-FIN-10190 | D217: Wall Paint (Emulsion) Lobby Passage & Offices - Z1 - F2 | E217: 648 | F217: 648 | G217: 424 | H217: =IFERROR(F217/E217,"") -> 1 | I217: =IF(F217/ActivitySum!$C$1300=0%,"",F217/ActivitySum!$C$1300) -> 7.4702826e-06 | J217: =IF(G217/ActivitySum!$C$1300=0%,"",G217/ActivitySum!$C$1300) -> 4.8879627e-06 | K217: =IFERROR(G217/E217,"") -> 0.65432099 | L217: =IFERROR(G217/F217,"") -> 0.65432099
C218: Z1-C-FIN-10200 | D218: Porcelain Floor Tiles Passage & Offices - Z1 - F2 | E218: 3842 | F218: 3843 | G218: 3266 | H218: =IFERROR(F218/E218,"") -> 1.0002603 | I218: =IF(F218/ActivitySum!$C$1300=0%,"",F218/ActivitySum!$C$1300) -> 4.4302926e-05 | J218: =IF(G218/ActivitySum!$C$1300=0%,"",G218/ActivitySum!$C$1300) -> 3.7651147e-05 | K218: =IFERROR(G218/E218,"") -> 0.85007808 | L218: =IFERROR(G218/F218,"") -> 0.84985688
... C333: Z1-C-FIN-9960 | D333: Fix False Ceiling Gypsum Board Lift Lobby & Passage - Z1 - F1 | E333: 461 | F333: 461 | G333: 392 | H333: =IFERROR(F333/E333,"") -> 1 | I333: =IF(F333/ActivitySum!$C$1300=0%,"",F333/ActivitySum!$C$1300) -> 5.3145066e-06 | J333: =IF(G333/ActivitySum!$C$1300=0%,"",G333/ActivitySum!$C$1300) -> 4.5190599e-06 | K333: =IFERROR(G333/E333,"") -> 0.85032538 | L333: =IFERROR(G333/F333,"") -> 0.85032538
C334: Z1-C-FIN-SCASE-8790 | D334: Staircase Acrylic Paint - Z1 - B2 - SRVF | F334: 1 | H334: =IFERROR(F334/E334,"") | I334: =IF(F334/ActivitySum!$C$1300=0%,"",F334/ActivitySum!$C$1300) -> 1.1528214e-08 | J334: =IF(G334/ActivitySum!$C$1300=0%,"",G334/ActivitySum!$C$1300) | K334: =IFERROR(G334/E334,"") | L334: =IFERROR(G334/F334,"") -> 0
C335: Z1-C-FIN-SCASE-8800 | D335: Staircase Floor Epoxy Paint - Z1 - B2 - SRVF | E335: 16 | F335: 17 | G335: 14 | H335: =IFERROR(F335/E335,"") -> 1.0625 | I335: =IF(F335/ActivitySum!$C$1300=0%,"",F335/ActivitySum!$C$1300) -> 1.9597964e-07 | J335: =IF(G335/ActivitySum!$C$1300=0%,"",G335/ActivitySum!$C$1300) -> 1.61395e-07 | K335: =IFERROR(G335/E335,"") -> 0.875 | L335: =IFERROR(G335/F335,"") -> 0.82352941
C336: Z1-C-GRBCH-9380 | D336: Install Garbage Chute Cylinder - Z1 - GF to SRVF | E336: 268 | F336: 266 | G336: 228 | H336: =IFERROR(F336/E336,"") -> 0.99253731 | I336: =IF(F336/ActivitySum!$C$1300=0%,"",F336/ActivitySum!$C$1300) -> 3.0665049e-06 | J336: =IF(G336/ActivitySum!$C$1300=0%,"",G336/ActivitySum!$C$1300) -> 2.6284328e-06 | K336: =IFERROR(G336/E336,"") -> 0.85074627 | L336: =IFERROR(G336/F336,"") -> 0.85714286
C337: Z1-C-GRBCH-9390 | D337: Install Garbage Chute Supporting Frame - Z1 - GF to SRVF | E337: 268 | F337: 266 | G337: 228 | H337: =IFERROR(F337/E337,"") -> 0.99253731 | I337: =IF(F337/ActivitySum!$C$1300=0%,"",F337/ActivitySum!$C$1300) -> 3.0665049e-06 | J337: =IF(G337/ActivitySum!$C$1300=0%,"",G337/ActivitySum!$C$1300) -> 2.6284328e-06 | K337: =IFERROR(G337/E337,"") -> 0.85074627 | L337: =IFERROR(G337/F337,"") -> 0.85714286
C338: Z1-C-GRBCH-9400 | D338: Block & Plaster Garbage Room - Z1 - GF to SRVF | E338: 172 | F338: 172 | G338: 146 | H338: =IFERROR(F338/E338,"") -> 1 | I338: =IF(F338/ActivitySum!$C$1300=0%,"",F338/ActivitySum!$C$1300) -> 1.9828528e-06 | J338: =IF(G338/ActivitySum!$C$1300=0%,"",G338/ActivitySum!$C$1300) -> 1.6831192e-06 | K338: =IFERROR(G338/E338,"") -> 0.84883721 | L338: =IFERROR(G338/F338,"") -> 0.84883721
C339: Z1-C-GRBCH-9410 | D339: Install Garbage Chute Openings & Doors - Z1 - GF to SRVF | E339: 268 | F339: 266 | G339: 155 | H339: =IFERROR(F339/E339,"") -> 0.99253731 | I339: =IF(F339/ActivitySum!$C$1300=0%,"",F339/ActivitySum!$C$1300) -> 3.0665049e-06 | J339: =IF(G339/ActivitySum!$C$1300=0%,"",G339/ActivitySum!$C$1300) -> 1.7868732e-06 | K339: =IFERROR(G339/E339,"") -> 0.57835821 | L339: =IFERROR(G339/F339,"") -> 0.58270677
C340: Z1-C-GRBCH-9460 | D340: Install Garbage Chute Roof Top Unit with All Provisions | E340: 266 | F340: 266 | G340: 226 | H340: =IFERROR(F340/E340,"") -> 1 | I340: =IF(F340/ActivitySum!$C$1300=0%,"",F340/ActivitySum!$C$1300) -> 3.0665049e-06 | J340: =IF(G340/ActivitySum!$C$1300=0%,"",G340/ActivitySum!$C$1300) -> 2.6053763e-06 | K340: =IFERROR(G340/E340,"") -> 0.84962406 | L340: =IFERROR(G340/F340,"") -> 0.84962406
C341: Z1-C-GRBCH-9470 | D341: Install Garbage Chute Bottom Unit with All Provisions | E341: 266 | F341: 266 | G341: 226 | H341: =IFERROR(F341/E341,"") -> 1 | I341: =IF(F341/ActivitySum!$C$1300=0%,"",F341/ActivitySum!$C$1300) -> 3.0665049e-06 | J341: =IF(G341/ActivitySum!$C$1300=0%,"",G341/ActivitySum!$C$1300) -> 2.6053763e-06 | K341: =IFERROR(G341/E341,"") -> 0.84962406 | L341: =IFERROR(G341/F341,"") -> 0.84962406
B342: Div 10 | C342: A9670 | D342: Casting Service Manholes | E342: 166 | F342: 166 | G342: 141 | H342: =IFERROR(F342/E342,"") -> 1 | I342: =IF(F342/ActivitySum!$C$1300=0%,"",F342/ActivitySum!$C$1300) -> 1.9136835e-06 | J342: =IF(G342/ActivitySum!$C$1300=0%,"",G342/ActivitySum!$C$1300) -> 1.6254782e-06 | K342: =IFERROR(G342/E342,"") -> 0.84939759 | L342: =IFERROR(G342/F342,"") -> 0.84939759
...

Sheet Monthly Detailed EVM Cost
A1: ='Weekly Detailed EVM Cost'!A1 -> Project Name | I1: ='Weekly Cost Summary'!N1 -> Data Date: | K1: ='Monthly Cost Summary'!S1 -> 44651
A2: ='Weekly Detailed EVM Cost'!A2 -> Location | I2: ='Weekly Cost Summary'!N2 -> Current Week | K2: ='Monthly Detailed EVM Hrs'!K2 -> 26
I3: ='Weekly Cost Summary'!N3 -> Total Weeks | K3: ='Weekly Cost Summary'!P3 -> 114
A5: 1817-Zone | B5: 1817-BOQ Summary | C5: Activity ID | D5: Activity Name | E5: Budget Cost | F5: Planned Value | G5: Earned Value | H5: Activity Planned % | I5: Planned Weightage % | J5: Actual Weightage % | K5: Actual % Complete | L5: SPI
A6: Z1 | B6: Div 01 | C6: PRL-MOB-1020 | D6: Site Office Establishment | E6: 767001 | F6: 767000 | G6: 586756 | H6: =IFERROR(F6/E6,"") -> 0.9999987 | I6: =IF(F6/ActivitySum!$C$1300=0%,"",F6/ActivitySum!$C$1300) -> 0.0088421401 | J6: =IF(G6/ActivitySum!$C$1300=0%,"",G6/ActivitySum!$C$1300) -> 0.0067642487 | K6: =IFERROR(G6/E6,"") -> 0.76500031 | L6: =IFERROR(G6/F6,"") -> 0.7650013
C7: PRL-MOB-1050 | D7: Project Sign Boards and Hoarding | E7: 60000 | F7: 60000 | G7: 45900 | H7: =IFERROR(F7/E7,"") -> 1 | I7: =IF(F7/ActivitySum!$C$1300=0%,"",F7/ActivitySum!$C$1300) -> 0.00069169284 | J7: =IF(G7/ActivitySum!$C$1300=0%,"",G7/ActivitySum!$C$1300) -> 0.00052914502 | K7: =IFERROR(G7/E7,"") -> 0.765 | L7: =IFERROR(G7/F7,"") -> 0.765
C8: PRL-MOB-1100 | D8: Yards & Stores Establishment | E8: 80000 | F8: 80000 | G8: 61200 | H8: =IFERROR(F8/E8,"") -> 1 | I8: =IF(F8/ActivitySum!$C$1300=0%,"",F8/ActivitySum!$C$1300) -> 0.00092225711 | J8: =IF(G8/ActivitySum!$C$1300=0%,"",G8/ActivitySum!$C$1300) -> 0.00070552669 | K8: =IFERROR(G8/E8,"") -> 0.765 | L8: =IFERROR(G8/F8,"") -> 0.765
B9: Div 02 | C9: C-EW-10370 | D9: Excavation Stage 1 - Z1 | E9: 293640 | F9: 293640 | G9: 161502 | H9: =IFERROR(F9/E9,"") -> 1 | I9: =IF(F9/ActivitySum!$C$1300=0%,"",F9/ActivitySum!$C$1300) -> 0.0033851447 | J9: =IF(G9/ActivitySum!$C$1300=0%,"",G9/ActivitySum!$C$1300) -> 0.0018618296 | K9: =IFERROR(G9/E9,"") -> 0.55 | L9: =IFERROR(G9/F9,"") -> 0.55
C10: C-EW-10380 | D10: Strut Pipe Bracing - Z1 | E10: 162250 | F10: 162250 | G10: 178476 | H10: =IFERROR(F10/E10,"") -> 1 | I10: =IF(F10/ActivitySum!$C$1300=0%,"",F10/ActivitySum!$C$1300) -> 0.0018704527 | J10: =IF(G10/ActivitySum!$C$1300=0%,"",G10/ActivitySum!$C$1300) -> 0.0020575095 | K10: =IFERROR(G10/E10,"") -> 1.1000062 | L10: =IFERROR(G10/F10,"") -> 1.1000062
C11: C-EW-10390 | D11: Excavation Stage 2 - Z1 | E11: 293641 | F11: 293640 | G11: 161503 | H11: =IFERROR(F11/E11,"") -> 0.99999659 | I11: =IF(F11/ActivitySum!$C$1300=0%,"",F11/ActivitySum!$C$1300) -> 0.0033851447 | J11: =IF(G11/ActivitySum!$C$1300=0%,"",G11/ActivitySum!$C$1300) -> 0.0018618411 | K11: =IFERROR(G11/E11,"") -> 0.55000153 | L11: =IFERROR(G11/F11,"") -> 0.55000341
C12: C-SHRNG-DCE-C-2330 | D12: Place Guide Wall - Z1 | E12: 162250 | F12: 162250 | G12: 178476 | H12: =IFERROR(F12/E12,"") -> 1 | I12: =IF(F12/ActivitySum!$C$1300=0%,"",F12/ActivitySum!$C$1300) -> 0.0018704527 | J12: =IF(G12/ActivitySum!$C$1300=0%,"",G12/ActivitySum!$C$1300) -> 0.0020575095 | K12: =IFERROR(G12/E12,"") -> 1.1000062 | L12: =IFERROR(G12/F12,"") -> 1.1000062
C13: C-SHRNG-DCE-C-2340 | D13: Install Shoring System - Z1 | E13: 2016502 | F13: 2016500 | G13: 2218152 | H13: =IFERROR(F13/E13,"") -> 0.99999901 | I13: =IF(F13/ActivitySum!$C$1300=0%,"",F13/ActivitySum!$C$1300) -> 0.023246643 | J13: =IF(G13/ActivitySum!$C$1300=0%,"",G13/ActivitySum!$C$1300) -> 0.025571331 | K13: =IFERROR(G13/E13,"") -> 1.0999999 | L13: =IFERROR(G13/F13,"") -> 1.100001
C14: C-SHRNG-DCE-C-2350 | D14: Install Capping Beam - Z1 | E14: 180856 | F14: 180856 | G14: 99471 | H14: =IFERROR(F14/E14,"") -> 1 | I14: =IF(F14/ActivitySum!$C$1300=0%,"",F14/ActivitySum!$C$1300) -> 0.0020849467 | J14: =IF(G14/ActivitySum!$C$1300=0%,"",G14/ActivitySum!$C$1300) -> 0.001146723 | K14: =IFERROR(G14/E14,"") -> 0.55000111 | L14: =IFERROR(G14/F14,"") -> 0.55000111
C15: PRL-MOB-SCW-1600 | D15: Soil Investigation & Report Submit | E15: 55000 | F15: 55000 | G15: 42075 | H15: =IFERROR(F15/E15,"") -> 1 | I15: =IF(F15/ActivitySum!$C$1300=0%,"",F15/ActivitySum!$C$1300) -> 0.00063405177 | J15: =IF(G15/ActivitySum!$C$1300=0%,"",G15/ActivitySum!$C$1300) -> 0.0004850496 | K15: =IFERROR(G15/E15,"") -> 0.765 | L15: =IFERROR(G15/F15,"") -> 0.765
C16: PRL-MOB-SCW-2310 | D16: Dewatering System Installation | E16: 95000 | F16: 95000 | G16: 104500 | H16: =IFERROR(F16/E16,"") -> 1 | I16: =IF(F16/ActivitySum!$C$1300=0%,"",F16/ActivitySum!$C$1300) -> 0.0010951803 | J16: =IF(G16/ActivitySum!$C$1300=0%,"",G16/ActivitySum!$C$1300) -> 0.0012046984 | K16: =IFERROR(G16/E16,"") -> 1.1 | L16: =IFERROR(G16/F16,"") -> 1.1
C17: PRL-MOB-SCW-2320 | D17: Demolition of Existing Structure | E17: 140001 | F17: 140000 | G17: 77001 | H17: =IFERROR(F17/E17,"") -> 0.99999286 | I17: =IF(F17/ActivitySum!$C$1300=0%,"",F17/ActivitySum!$C$1300) -> 0.00161395 | J17: =IF(G17/ActivitySum!$C$1300=0%,"",G17/ActivitySum!$C$1300) -> 0.000887684 | K17: =IFERROR(G17/E17,"") -> 0.55000321 | L17: =IFERROR(G17/F17,"") -> 0.55000714
C18: PRL-MOB-SCW-2330 | D18: Clearing Existing Utilities | E18: 39000 | F18: 39000 | G18: 21450 | H18: =IFERROR(F18/E18,"") -> 1 | I18: =IF(F18/ActivitySum!$C$1300=0%,"",F18/ActivitySum!$C$1300) -> 0.00044960034 | J18: =IF(G18/ActivitySum!$C$1300=0%,"",G18/ActivitySum!$C$1300) -> 0.00024728019 | K18: =IFERROR(G18/E18,"") -> 0.55 | L18: =IFERROR(G18/F18,"") -> 0.55
B19: Div 03 | C19: C-EW-2420 | D19: Gunite Wall - Z1 | E19: 152558 | F19: 152558 | G19: 129675 | H19: =IFERROR(F19/E19,"") -> 1 | I19: =IF(F19/ActivitySum!$C$1300=0%,"",F19/ActivitySum!$C$1300) -> 0.0017587213 | J19: =IF(G19/ActivitySum!$C$1300=0%,"",G19/ActivitySum!$C$1300) -> 0.0014949211 | K19: =IFERROR(G19/E19,"") -> 0.85000459 | L19: =IFERROR(G19/F19,"") -> 0.85000459
C20: Z1-11460 | D20: Post Tensioning the Slab - Z1 - F1 | E20: 25092 | F20: 25092 | G20: 14077 | H20: =IFERROR(F20/E20,"") -> 1 | I20: =IF(F20/ActivitySum!$C$1300=0%,"",F20/ActivitySum!$C$1300) -> 0.00028926594 | J20: =IF(G20/ActivitySum!$C$1300=0%,"",G20/ActivitySum!$C$1300) -> 0.00016228267 | K20: =IFERROR(G20/E20,"") -> 0.56101546 | L20: =IFERROR(G20/F20,"") -> 0.56101546
C21: Z1-11470 | D21: Post Tensioning the Slab - Z1 - F2 | E21: 25471 | F21: 25471 | G21: 21650 | H21: =IFERROR(F21/E21,"") -> 1 | I21: =IF(F21/ActivitySum!$C$1300=0%,"",F21/ActivitySum!$C$1300) -> 0.00029363514 | J21: =IF(G21/ActivitySum!$C$1300=0%,"",G21/ActivitySum!$C$1300) -> 0.00024958583 | K21: =IFERROR(G21/E21,"") -> 0.84998626 | L21: =IFERROR(G21/F21,"") -> 0.84998626
C22: Z1-11480 | D22: Post Tensioning the Slab - Z1 - RF | E22: 25392 | F22: 25392 | G22: 21583 | H22: =IFERROR(F22/E22,"") -> 1 | I22: =IF(F22/ActivitySum!$C$1300=0%,"",F22/ActivitySum!$C$1300) -> 0.00029272441 | J22: =IF(G22/ActivitySum!$C$1300=0%,"",G22/ActivitySum!$C$1300) -> 0.00024881344 | K22: =IFERROR(G22/E22,"") -> 0.84999212 | L22: =IFERROR(G22/F22,"") -> 0.84999212
C23: Z1-11490 | D23: Post Tensioning the Slab - Z1 - SRVF | E23: 21331 | F23: 21331 | G23: 18131 | H23: =IFERROR(F23/E23,"") -> 1 | I23: =IF(F23/ActivitySum!$C$1300=0%,"",F23/ActivitySum!$C$1300) -> 0.00024590833 | J23: =IF(G23/ActivitySum!$C$1300=0%,"",G23/ActivitySum!$C$1300) -> 0.00020901805 | K23: =IFERROR(G23/E23,"") -> 0.84998359 | L23: =IFERROR(G23/F23,"") -> 0.84998359
C24: Z1-C-CON-2400 | D24: PCC Blind Concrete - Z1 - Lift Pit | E24: 17220 | F24: 17220 | G24: 14637 | H24: =IFERROR(F24/E24,"") -> 1 | I24: =IF(F24/ActivitySum!$C$1300=0%,"",F24/ActivitySum!$C$1300) -> 0.00019851584 | J24: =IF(G24/ActivitySum!$C$1300=0%,"",G24/ActivitySum!$C$1300) -> 0.00016873847 | K24: =IFERROR(G24/E24,"") -> 0.85 | L24: =IFERROR(G24/F24,"") -> 0.85
C25: Z1-C-CON-2440 | D25: Waterproof Membrane - Z1 - Lift Pit | E25: 102280 | F25: 102280 | G25: 86938 | H25: =IFERROR(F25/E25,"") -> 1 | I25: =IF(F25/ActivitySum!$C$1300=0%,"",F25/ActivitySum!$C$1300) -> 0.0011791057 | J25: =IF(G25/ActivitySum!$C$1300=0%,"",G25/ActivitySum!$C$1300) -> 0.0010022399 | K25: =IFERROR(G25/E25,"") -> 0.85 | L25: =IFERROR(G25/F25,"") -> 0.85
C26: Z1-C-CON-2450 | D26: Protection Screed - Z1 - Lift Pit | E26: 10980 | F26: 10980 | G26: 9333 | H26: =IFERROR(F26/E26,"") -> 1 | I26: =IF(F26/ActivitySum!$C$1300=0%,"",F26/ActivitySum!$C$1300) -> 0.00012657979 | J26: =IF(G26/ActivitySum!$C$1300=0%,"",G26/ActivitySum!$C$1300) -> 0.00010759282 | K26: =IFERROR(G26/E26,"") -> 0.85 | L26: =IFERROR(G26/F26,"") -> 0.85
C27: Z1-C-CON-2460 | D27: Fix Rebar - Z1 - Lift Pit | E27: 20247 | F27: 20247 | G27: 17210 | H27: =IFERROR(F27/E27,"") -> 1 | I27: =IF(F27/ActivitySum!$C$1300=0%,"",F27/ActivitySum!$C$1300) -> 0.00023341175 | J27: =IF(G27/ActivitySum!$C$1300=0%,"",G27/ActivitySum!$C$1300) -> 0.00019840056 | K27: =IFERROR(G27/E27,"") -> 0.85000247 | L27: =IFERROR(G27/F27,"") -> 0.85000247
C28: Z1-C-CON-2480 | D28: Pour Concrete - Z1 - Lift Pit | E28: 20247 | F28: 20247 | G28: 17210 | H28: =IFERROR(F28/E28,"") -> 1 | I28: =IF(F28/ActivitySum!$C$1300=0%,"",F28/ActivitySum!$C$1300) -> 0.00023341175 | J28: =IF(G28/ActivitySum!$C$1300=0%,"",G28/ActivitySum!$C$1300) -> 0.00019840056 | K28: =IFERROR(G28/E28,"") -> 0.85000247 | L28: =IFERROR(G28/F28,"") -> 0.85000247
C29: Z1-C-CON-2500 | D29: PCC Blind Concrete - Z1 - Raft | E29: 51660 | F29: 51660 | G29: 43911 | H29: =IFERROR(F29/E29,"") -> 1 | I29: =IF(F29/ActivitySum!$C$1300=0%,"",F29/ActivitySum!$C$1300) -> 0.00059554753 | J29: =IF(G29/ActivitySum!$C$1300=0%,"",G29/ActivitySum!$C$1300) -> 0.0005062154 | K29: =IFERROR(G29/E29,"") -> 0.85 | L29: =IFERROR(G29/F29,"") -> 0.85
C30: Z1-C-CON-2510 | D30: Waterproof Membrane - Z1 - Raft | E30: 306840 | F30: 306840 | G30: 260814 | H30: =IFERROR(F30/E30,"") -> 1 | I30: =IF(F30/ActivitySum!$C$1300=0%,"",F30/ActivitySum!$C$1300) -> 0.0035373172 | J30: =IF(G30/ActivitySum!$C$1300=0%,"",G30/ActivitySum!$C$1300) -> 0.0030067196 | K30: =IFERROR(G30/E30,"") -> 0.85 | L30: =IFERROR(G30/F30,"") -> 0.85
C31: Z1-C-CON-2520 | D31: Protection Screed - Z1 - Raft | E31: 32940 | F31: 32941 | G31: 988 | H31: =IFERROR(F31/E31,"") -> 1.0000304 | I31: =IF(F31/ActivitySum!$C$1300=0%,"",F31/ActivitySum!$C$1300) -> 0.0003797509 | J31: =IF(G31/ActivitySum!$C$1300=0%,"",G31/ActivitySum!$C$1300) -> 1.1389875e-05 | K31: =IFERROR(G31/E31,"") -> 0.029993928 | L31: =IFERROR(G31/F31,"") -> 0.029993018
... C149: Z1-C-FIN-7390 | D149: GRP Linning - Z1 - B1 | E149: 45350 | F149: 45350 | G149: 22676 | H149: =IFERROR(F149/E149,"") -> 1 | I149: =IF(F149/ActivitySum!$C$1300=0%,"",F149/ActivitySum!$C$1300) -> 0.0005228045 | J149: =IF(G149/ActivitySum!$C$1300=0%,"",G149/ActivitySum!$C$1300) -> 0.00026141378 | K149: =IFERROR(G149/E149,"") -> 0.50002205 | L149: =IFERROR(G149/F149,"") -> 0.50002205
B150: Div 04 | C150: Z1-C-FIN-10120 | D150: Masonry Works Wet Area - Z1 - F2 | E150: 84732 | F150: 84733 | G150: 72023 | H150: =IFERROR(F150/E150,"") -> 1.0000118 | I150: =IF(F150/ActivitySum!$C$1300=0%,"",F150/ActivitySum!$C$1300) -> 0.00097682015 | J150: =IF(G150/ActivitySum!$C$1300=0%,"",G150/ActivitySum!$C$1300) -> 0.00083029655 | K150: =IFERROR(G150/E150,"") -> 0.85000944 | L150: =IFERROR(G150/F150,"") -> 0.84999941
C151: Z1-C-FIN-10460 | D151: Masonry Works Dry Area - Z1 - F2 | E151: 84732 | F151: 84733 | G151: 72023 | H151: =IFERROR(F151/E151,"") -> 1.0000118 | I151: =IF(F151/ActivitySum!$C$1300=0%,"",F151/ActivitySum!$C$1300) -> 0.00097682015 | J151: =IF(G151/ActivitySum!$C$1300=0%,"",G151/ActivitySum!$C$1300) -> 0.00083029655 | K151: =IFERROR(G151/E151,"") -> 0.85000944 | L151: =IFERROR(G151/F151,"") -> 0.84999941
C152: Z1-C-FIN-10760 | D152: Masonry Works Wet Area - Z1 - RF | E152: 72632 | F152: 72631 | G152: 62971 | H152: =IFERROR(F152/E152,"") -> 0.99998623 | I152: =IF(F152/ActivitySum!$C$1300=0%,"",F152/ActivitySum!$C$1300) -> 0.00083730571 | J152: =IF(G152/ActivitySum!$C$1300=0%,"",G152/ActivitySum!$C$1300) -> 0.00072594316 | K152: =IFERROR(G152/E152,"") -> 0.866987 | L152: =IFERROR(G152/F152,"") -> 0.86699894
C153: Z1-C-FIN-10940 | D153: Masonry Works Dry Area - Z1 - RF | E153: 72632 | F153: 72632 | G153: 43128 | H153: =IFERROR(F153/E153,"") -> 1 | I153: =IF(F153/ActivitySum!$C$1300=0%,"",F153/ActivitySum!$C$1300) -> 0.00083731723 | J153: =IF(G153/ActivitySum!$C$1300=0%,"",G153/ActivitySum!$C$1300) -> 0.00049718881 | K153: =IFERROR(G153/E153,"") -> 0.59378786 | L153: =IFERROR(G153/F153,"") -> 0.59378786
C154: Z1-C-FIN-5790 | D154: Masonry Works - Z1 - B2 | E154: 3061 | F154: 3062 | G154: 184 | H154: =IFERROR(F154/E154,"") -> 1.0003267 | I154: =IF(F154/ActivitySum!$C$1300=0%,"",F154/ActivitySum!$C$1300) -> 3.5299391e-05 | J154: =IF(G154/ActivitySum!$C$1300=0%,"",G154/ActivitySum!$C$1300) -> 2.1211914e-06 | K154: =IFERROR(G154/E154,"") -> 0.060111075 | L154: =IFERROR(G154/F154,"") -> 0.060091444
C155: Z1-C-FIN-7040 | D155: Masonry Works - Z1 - B1 | E155: 30339 | F155: 30338 | G155: 17020 | H155: =IFERROR(F155/E155,"") -> 0.99996704 | I155: =IF(F155/ActivitySum!$C$1300=0%,"",F155/ActivitySum!$C$1300) -> 0.00034974295 | J155: =IF(G155/ActivitySum!$C$1300=0%,"",G155/ActivitySum!$C$1300) -> 0.0001962102 | K155: =IFERROR(G155/E155,"") -> 0.5609941 | L155: =IFERROR(G155/F155,"") -> 0.56101259
C156: Z1-C-FIN-8330 | D156: Masonry Works - Z1 - GF | E156: 223435 | F156: 223436 | G156: 111718 | H156: =IFERROR(F156/E156,"") -> 1.0000045 | I156: =IF(F156/ActivitySum!$C$1300=0%,"",F156/ActivitySum!$C$1300) -> 0.002575818 | J156: =IF(G156/ActivitySum!$C$1300=0%,"",G156/ActivitySum!$C$1300) -> 0.001287909 | K156: =IFERROR(G156/E156,"") -> 0.50000224 | L156: =IFERROR(G156/F156,"") -> 0.5
C157: Z1-C-FIN-9490 | D157: Masonry Works Wet + Dry Area - Z1 - F1 | E157: 144102 | F157: 144102 | G157: 122487 | H157: =IFERROR(F157/E157,"") -> 1 | I157: =IF(F157/ActivitySum!$C$1300=0%,"",F157/ActivitySum!$C$1300) -> 0.0016612387 | J157: =IF(G157/ActivitySum!$C$1300=0%,"",G157/ActivitySum!$C$1300) -> 0.0014120563 | K157: =IFERROR(G157/E157,"") -> 0.85000208 | L157: =IFERROR(G157/F157,"") -> 0.85000208
B158: Div 05 | C158: C-FIN-ENVLP-9550 | D158: Fix Steel Decore - GF to SRVF (Elev. 1 & 4) | E158: 59364 | F158: 59364 | G158: 50459 | H158: =IFERROR(F158/E158,"") -> 1 | I158: =IF(F158/ActivitySum!$C$1300=0%,"",F158/ActivitySum!$C$1300) -> 0.00068436089 | J158: =IF(G158/ActivitySum!$C$1300=0%,"",G158/ActivitySum!$C$1300) -> 0.00058170215 | K158: =IFERROR(G158/E158,"") -> 0.84999326 | L158: =IFERROR(G158/F158,"") -> 0.84999326
C159: C-FIN-ENVLP-9640 | D159: Install Aluminum & Wood Roof Features | E159: 70700 | F159: 70700 | G159: 60095 | H159: =IFERROR(F159/E159,"") -> 1 | I159: =IF(F159/ActivitySum!$C$1300=0%,"",F159/ActivitySum!$C$1300) -> 0.00081504472 | J159: =IF(G159/ActivitySum!$C$1300=0%,"",G159/ActivitySum!$C$1300) -> 0.00069278802 | K159: =IFERROR(G159/E159,"") -> 0.85 | L159: =IFERROR(G159/F159,"") -> 0.85
C160: Z1-C-FIN-6150 | D160: Fix Galvonized Iron Cat Ladder - Z1 - B2 | E160: 600 | F160: 600 | G160: 60 | H160: =IFERROR(F160/E160,"") -> 1 | I160: =IF(F160/ActivitySum!$C$1300=0%,"",F160/ActivitySum!$C$1300) -> 6.9169284e-06 | J160: =IF(G160/ActivitySum!$C$1300=0%,"",G160/ActivitySum!$C$1300) -> 6.9169284e-07 | K160: =IFERROR(G160/E160,"") -> 0.1 | L160: =IFERROR(G160/F160,"") -> 0.1
C161: Z1-C-FIN-7400 | D161: Fix Galvonized Iron Cat Ladder - Z1 - B1 | E161: 600 | F161: 600 | G161: 150 | H161: =IFERROR(F161/E161,"") -> 1 | I161: =IF(F161/ActivitySum!$C$1300=0%,"",F161/ActivitySum!$C$1300) -> 6.9169284e-06 | J161: =IF(G161/ActivitySum!$C$1300=0%,"",G161/ActivitySum!$C$1300) -> 1.7292321e-06 | K161: =IFERROR(G161/E161,"") -> 0.25 | L161: =IFERROR(G161/F161,"") -> 0.25
C162: Z1-C-FIN-SCASE-8810 | D162: Install Haindrails Staircase - Z1 - B2 - SRVF | E162: 83199 | F162: 83200 | G162: 70720 | H162: =IFERROR(F162/E162,"") -> 1.000012 | I162: =IF(F162/ActivitySum!$C$1300=0%,"",F162/ActivitySum!$C$1300) -> 0.0009591474 | J162: =IF(G162/ActivitySum!$C$1300=0%,"",G162/ActivitySum!$C$1300) -> 0.00081527529 | K162: =IFERROR(G162/E162,"") -> 0.85001022 | L162: =IFERROR(G162/F162,"") -> 0.85
B163: Div 06 | C163: Z1-C-FIN-10710 | D163: Fix Furniture & Counter Works kitchen/Pantry - Z1 - F2 | E163: 89500 | F163: 89500 | G163: 76075 | H163: =IFERROR(F163/E163,"") -> 1 | I163: =IF(F163/ActivitySum!$C$1300=0%,"",F163/ActivitySum!$C$1300) -> 0.0010317751 | J163: =IF(G163/ActivitySum!$C$1300=0%,"",G163/ActivitySum!$C$1300) -> 0.00087700887 | K163: =IFERROR(G163/E163,"") -> 0.85 | L163: =IFERROR(G163/F163,"") -> 0.85
C164: Z1-C-FIN-11180 | D164: Fix Furniture & Counter Works kitchen/Pantry - Z1 - RF | E164: 89500 | F164: 89500 | G164: 76075 | H164: =IFERROR(F164/E164,"") -> 1 | I164: =IF(F164/ActivitySum!$C$1300=0%,"",F164/ActivitySum!$C$1300) -> 0.0010317751 | J164: =IF(G164/ActivitySum!$C$1300=0%,"",G164/ActivitySum!$C$1300) -> 0.00087700887 | K164: =IFERROR(G164/E164,"") -> 0.85 | L164: =IFERROR(G164/F164,"") -> 0.85
B165: Div 07 | C165: C-FIN-ENVLP-9540 | D165: Osmotic Cement Waterproof - GF to SRVF (Elev. 1 & 4) | E165: 55965 | F165: 55965 | G165: 56821 | H165: =IFERROR(F165/E165,"") -> 1 | I165: =IF(F165/ActivitySum!$C$1300=0%,"",F165/ActivitySum!$C$1300) -> 0.00064517649 | J165: =IF(G165/ActivitySum!$C$1300=0%,"",G165/ActivitySum!$C$1300) -> 0.00065504464 | K165: =IFERROR(G165/E165,"") -> 1.0152953 | L165: =IFERROR(G165/F165,"") -> 1.0152953
C166: Z123-C-FIN-18510 | D166: Foam Concrete - Z123 - TRF | E166: 130693 | F166: 130693 | G166: 111089 | H166: =IFERROR(F166/E166,"") -> 1 | I166: =IF(F166/ActivitySum!$C$1300=0%,"",F166/ActivitySum!$C$1300) -> 0.0015066569 | J166: =IF(G166/ActivitySum!$C$1300=0%,"",G166/ActivitySum!$C$1300) -> 0.0012806578 | K166: =IFERROR(G166/E166,"") -> 0.84999962 | L166: =IFERROR(G166/F166,"") -> 0.84999962
C167: Z123-C-FIN-18520 | D167: 4mm Waterproof Membrane Wet Area - Z123 - TRF | E167: 130693 | F167: 130693 | G167: 111089 | H167: =IFERROR(F167/E167,"") -> 1 | I167: =IF(F167/ActivitySum!$C$1300=0%,"",F167/ActivitySum!$C$1300) -> 0.0015066569 | J167: =IF(G167/ActivitySum!$C$1300=0%,"",G167/ActivitySum!$C$1300) -> 0.0012806578 | K167: =IFERROR(G167/E167,"") -> 0.84999962 | L167: =IFERROR(G167/F167,"") -> 0.84999962
C168: Z123-C-FIN-18530 | D168: Protection Screed Wet Area - Z123 - TRF | E168: 130693 | F168: 130693 | G168: 111089 | H168: =IFERROR(F168/E168,"") -> 1 | I168: =IF(F168/ActivitySum!$C$1300=0%,"",F168/ActivitySum!$C$1300) -> 0.0015066569 | J168: =IF(G168/ActivitySum!$C$1300=0%,"",G168/ActivitySum!$C$1300) -> 0.0012806578 | K168: =IFERROR(G168/E168,"") -> 0.84999962 | L168: =IFERROR(G168/F168,"") -> 0.84999962
C169: Z123-C-FIN-18550 | D169: Polystyrene Thermal Insulation - Z123 - TRF | E169: 3898 | F169: 3898 | G169: 3313 | H169: =IFERROR(F169/E169,"") -> 1 | I169: =IF(F169/ActivitySum!$C$1300=0%,"",F169/ActivitySum!$C$1300) -> 4.4936978e-05 | J169: =IF(G169/ActivitySum!$C$1300=0%,"",G169/ActivitySum!$C$1300) -> 3.8192973e-05 | K169: =IFERROR(G169/E169,"") -> 0.84992304 | L169: =IFERROR(G169/F169,"") -> 0.84992304
C170: Z123-C-FIN-18560 | D170: Roof Floor Terrazo Tiles Wet Area - Z123 - TRF | E170: 3898 | F170: 3899 | G170: 3313 | H170: =IFERROR(F170/E170,"") -> 1.0002565 | I170: =IF(F170/ActivitySum!$C$1300=0%,"",F170/ActivitySum!$C$1300) -> 4.4948506e-05 | J170: =IF(G170/ActivitySum!$C$1300=0%,"",G170/ActivitySum!$C$1300) -> 3.8192973e-05 | K170: =IFERROR(G170/E170,"") -> 0.84992304 | L170: =IFERROR(G170/F170,"") -> 0.84970505
C171: Z1-C-FIN-10490 | D171: Waterproof Bath - Z1 - F2 | E171: 3898 | F171: 3898 | G171: 895 | H171: =IFERROR(F171/E171,"") -> 1 | I171: =IF(F171/ActivitySum!$C$1300=0%,"",F171/ActivitySum!$C$1300) -> 4.4936978e-05 | J171: =IF(G171/ActivitySum!$C$1300=0%,"",G171/ActivitySum!$C$1300) -> 1.0317751e-05 | K171: =IFERROR(G171/E171,"") -> 0.22960493 | L171: =IFERROR(G171/F171,"") -> 0.22960493
C172: Z1-C-FIN-10500 | D172: Protection Screed Bath - Z1 - F2 | E172: 3898 | F172: 3898 | G172: 2552 | H172: =IFERROR(F172/E172,"") -> 1 | I172: =IF(F172/ActivitySum!$C$1300=0%,"",F172/ActivitySum!$C$1300) -> 4.4936978e-05 | J172: =IF(G172/ActivitySum!$C$1300=0%,"",G172/ActivitySum!$C$1300) -> 2.9420002e-05 | K172: =IFERROR(G172/E172,"") -> 0.65469472 | L172: =IFERROR(G172/F172,"") -> 0.65469472
C173: Z1-C-FIN-10590 | D173: Waterproof kitchen/Pantry - Z1 - F2 | E173: 3898 | F173: 3898 | G173: 895 | H173: =IFERROR(F173/E173,"") -> 1 | I173: =IF(F173/ActivitySum!$C$1300=0%,"",F173/ActivitySum!$C$1300) -> 4.4936978e-05 | J173: =IF(G173/ActivitySum!$C$1300=0%,"",G173/ActivitySum!$C$1300) -> 1.0317751e-05 | K173: =IFERROR(G173/E173,"") -> 0.22960493 | L173: =IFERROR(G173/F173,"") -> 0.22960493
C174: Z1-C-FIN-10600 | D174: Protection Screed kitchen/Pantry - Z1 - F2 | E174: 3898 | F174: 3898 | G174: 895 | H174: =IFERROR(F174/E174,"") -> 1 | I174: =IF(F174/ActivitySum!$C$1300=0%,"",F174/ActivitySum!$C$1300) -> 4.4936978e-05 | J174: =IF(G174/ActivitySum!$C$1300=0%,"",G174/ActivitySum!$C$1300) -> 1.0317751e-05 | K174: =IFERROR(G174/E174,"") -> 0.22960493 | L174: =IFERROR(G174/F174,"") -> 0.22960493
C175: Z1-C-FIN-10670 | D175: Waterproof Garbage Room - Z1 - F2 | E175: 3898 | F175: 3898 | G175: 895 | H175: =IFERROR(F175/E175,"") -> 1 | I175: =IF(F175/ActivitySum!$C$1300=0%,"",F175/ActivitySum!$C$1300) -> 4.4936978e-05 | J175: =IF(G175/ActivitySum!$C$1300=0%,"",G175/ActivitySum!$C$1300) -> 1.0317751e-05 | K175: =IFERROR(G175/E175,"") -> 0.22960493 | L175: =IFERROR(G175/F175,"") -> 0.22960493
C176: Z1-C-FIN-10680 | D176: Protection Screed Garbage Room - Z1 - F2 | E176: 3898 | F176: 3898 | G176: 2552 | H176: =IFERROR(F176/E176,"") -> 1 | I176: =IF(F176/ActivitySum!$C$1300=0%,"",F176/ActivitySum!$C$1300) -> 4.4936978e-05 | J176: =IF(G176/ActivitySum!$C$1300=0%,"",G176/ActivitySum!$C$1300) -> 2.9420002e-05 | K176: =IFERROR(G176/E176,"") -> 0.65469472 | L176: =IFERROR(G176/F176,"") -> 0.65469472
C177: Z1-C-FIN-11000 | D177: Waterproof Bath - Z1 - RF | E177: 3899 | F177: 3898 | G177: 3313 | H177: =IFERROR(F177/E177,"") -> 0.99974352 | I177: =IF(F177/ActivitySum!$C$1300=0%,"",F177/ActivitySum!$C$1300) -> 4.4936978e-05 | J177: =IF(G177/ActivitySum!$C$1300=0%,"",G177/ActivitySum!$C$1300) -> 3.8192973e-05 | K177: =IFERROR(G177/E177,"") -> 0.84970505 | L177: =IFERROR(G177/F177,"") -> 0.84992304
... C183: Z1-C-FIN-8870 | D183: Waterproof & Screed Garbage Room - Z1 - GF | E183: 3898 | F183: 3898 | G183: 3313 | H183: =IFERROR(F183/E183,"") -> 1 | I183: =IF(F183/ActivitySum!$C$1300=0%,"",F183/ActivitySum!$C$1300) -> 4.4936978e-05 | J183: =IF(G183/ActivitySum!$C$1300=0%,"",G183/ActivitySum!$C$1300) -> 3.8192973e-05 | K183: =IFERROR(G183/E183,"") -> 0.84992304 | L183: =IFERROR(G183/F183,"") -> 0.84992304
B184: Div 08 | C184: A7100 | D184: Fix Windows & Door Frame & Leaf - F2 | E184: 20820 | F184: 20821 | G184: 17698 | H184: =IFERROR(F184/E184,"") -> 1.000048 | I184: =IF(F184/ActivitySum!$C$1300=0%,"",F184/ActivitySum!$C$1300) -> 0.00024002894 | J184: =IF(G184/ActivitySum!$C$1300=0%,"",G184/ActivitySum!$C$1300) -> 0.00020402633 | K184: =IFERROR(G184/E184,"") -> 0.85004803 | L184: =IFERROR(G184/F184,"") -> 0.8500072
C185: A7110 | D185: Fix Ironmongery - F2 | E185: 20821 | F185: 20821 | G185: 17698 | H185: =IFERROR(F185/E185,"") -> 1 | I185: =IF(F185/ActivitySum!$C$1300=0%,"",F185/ActivitySum!$C$1300) -> 0.00024002894 | J185: =IF(G185/ActivitySum!$C$1300=0%,"",G185/ActivitySum!$C$1300) -> 0.00020402633 | K185: =IFERROR(G185/E185,"") -> 0.8500072 | L185: =IFERROR(G185/F185,"") -> 0.8500072
C186: A7180 | D186: Fix Windows & Door Frame & Leaf - RF | E186: 20821 | F186: 20821 | G186: 17698 | H186: =IFERROR(F186/E186,"") -> 1 | I186: =IF(F186/ActivitySum!$C$1300=0%,"",F186/ActivitySum!$C$1300) -> 0.00024002894 | J186: =IF(G186/ActivitySum!$C$1300=0%,"",G186/ActivitySum!$C$1300) -> 0.00020402633 | K186: =IFERROR(G186/E186,"") -> 0.8500072 | L186: =IFERROR(G186/F186,"") -> 0.8500072
C187: A7190 | D187: Fix Ironmongery - RF | E187: 20821 | F187: 20821 | G187: 17698 | H187: =IFERROR(F187/E187,"") -> 1 | I187: =IF(F187/ActivitySum!$C$1300=0%,"",F187/ActivitySum!$C$1300) -> 0.00024002894 | J187: =IF(G187/ActivitySum!$C$1300=0%,"",G187/ActivitySum!$C$1300) -> 0.00020402633 | K187: =IFERROR(G187/E187,"") -> 0.8500072 | L187: =IFERROR(G187/F187,"") -> 0.8500072
C188: C-FIN-ENVLP-9530 | D188: Fix Aluminum Glazing Pannels - GF to SRVF (Elev. 1 & 4) | E188: 822232 | F188: 822234 | G188: 509613 | H188: =IFERROR(F188/E188,"") -> 1.0000024 | I188: =IF(F188/ActivitySum!$C$1300=0%,"",F188/ActivitySum!$C$1300) -> 0.0094788895 | J188: =IF(G188/ActivitySum!$C$1300=0%,"",G188/ActivitySum!$C$1300) -> 0.0058749277 | K188: =IFERROR(G188/E188,"") -> 0.61979222 | L188: =IFERROR(G188/F188,"") -> 0.61979072
C189: Z1-C-FIN-10370 | D189: Fix Door Subframes Wet Area - Z1 - F2 | E189: 20822 | F189: 20821 | G189: 17698 | H189: =IFERROR(F189/E189,"") -> 0.99995197 | I189: =IF(F189/ActivitySum!$C$1300=0%,"",F189/ActivitySum!$C$1300) -> 0.00024002894 | J189: =IF(G189/ActivitySum!$C$1300=0%,"",G189/ActivitySum!$C$1300) -> 0.00020402633 | K189: =IFERROR(G189/E189,"") -> 0.84996638 | L189: =IFERROR(G189/F189,"") -> 0.8500072
C190: Z1-C-FIN-10470 | D190: Fix Door Subframes Dry Area - Z1 - F2 | E190: 20822 | F190: 20821 | G190: 17698 | H190: =IFERROR(F190/E190,"") -> 0.99995197 | I190: =IF(F190/ActivitySum!$C$1300=0%,"",F190/ActivitySum!$C$1300) -> 0.00024002894 | J190: =IF(G190/ActivitySum!$C$1300=0%,"",G190/ActivitySum!$C$1300) -> 0.00020402633 | K190: =IFERROR(G190/E190,"") -> 0.84996638 | L190: =IFERROR(G190/F190,"") -> 0.8500072
C191: Z1-C-FIN-10900 | D191: Fix Door Subframes Wet Area - Z1 - RF | E191: 20822 | F191: 20821 | G191: 17698 | H191: =IFERROR(F191/E191,"") -> 0.99995197 | I191: =IF(F191/ActivitySum!$C$1300=0%,"",F191/ActivitySum!$C$1300) -> 0.00024002894 | J191: =IF(G191/ActivitySum!$C$1300=0%,"",G191/ActivitySum!$C$1300) -> 0.00020402633 | K191: =IFERROR(G191/E191,"") -> 0.84996638 | L191: =IFERROR(G191/F191,"") -> 0.8500072
C192: Z1-C-FIN-10960 | D192: Fix Door Subframes Dry Area - Z1 - RF | E192: 20821 | F192: 20821 | G192: 17698 | H192: =IFERROR(F192/E192,"") -> 1 | I192: =IF(F192/ActivitySum!$C$1300=0%,"",F192/ActivitySum!$C$1300) -> 0.00024002894 | J192: =IF(G192/ActivitySum!$C$1300=0%,"",G192/ActivitySum!$C$1300) -> 0.00020402633 | K192: =IFERROR(G192/E192,"") -> 0.8500072 | L192: =IFERROR(G192/F192,"") -> 0.8500072
C193: Z1-C-FIN-18600 | D193: Fix Doors - Z1 - B1 | E193: 20821 | F193: 20821 | G193: 17698 | H193: =IFERROR(F193/E193,"") -> 1 | I193: =IF(F193/ActivitySum!$C$1300=0%,"",F193/ActivitySum!$C$1300) -> 0.00024002894 | J193: =IF(G193/ActivitySum!$C$1300=0%,"",G193/ActivitySum!$C$1300) -> 0.00020402633 | K193: =IFERROR(G193/E193,"") -> 0.8500072 | L193: =IFERROR(G193/F193,"") -> 0.8500072
C194: Z1-C-FIN-18640 | D194: Fix Doors - Z1 - B1 | E194: 20821 | F194: 20821 | G194: 17698 | H194: =IFERROR(F194/E194,"") -> 1 | I194: =IF(F194/ActivitySum!$C$1300=0%,"",F194/ActivitySum!$C$1300) -> 0.00024002894 | J194: =IF(G194/ActivitySum!$C$1300=0%,"",G194/ActivitySum!$C$1300) -> 0.00020402633 | K194: =IFERROR(G194/E194,"") -> 0.8500072 | L194: =IFERROR(G194/F194,"") -> 0.8500072
C195: Z1-C-FIN-18690 | D195: Fix Doors Loading Room - Z1 - GF | E195: 20821 | F195: 20821 | G195: 17698 | H195: =IFERROR(F195/E195,"") -> 1 | I195: =IF(F195/ActivitySum!$C$1300=0%,"",F195/ActivitySum!$C$1300) -> 0.00024002894 | J195: =IF(G195/ActivitySum!$C$1300=0%,"",G195/ActivitySum!$C$1300) -> 0.00020402633 | K195: =IFERROR(G195/E195,"") -> 0.8500072 | L195: =IFERROR(G195/F195,"") -> 0.8500072
C196: Z1-C-FIN-18730 | D196: Fix Doors Serv. Rooms - Z1 - F1 | E196: 20821 | F196: 20821 | G196: 17698 | H196: =IFERROR(F196/E196,"") -> 1 | I196: =IF(F196/ActivitySum!$C$1300=0%,"",F196/ActivitySum!$C$1300) -> 0.00024002894 | J196: =IF(G196/ActivitySum!$C$1300=0%,"",G196/ActivitySum!$C$1300) -> 0.00020402633 | K196: =IFERROR(G196/E196,"") -> 0.8500072 | L196: =IFERROR(G196/F196,"") -> 0.8500072
... C209: Z1-C-FIN-9790 | D209: Fix Doors Serv. Area - Z1 - F1 | E209: 20821 | F209: 20821 | G209: 17698 | H209: =IFERROR(F209/E209,"") -> 1 | I209: =IF(F209/ActivitySum!$C$1300=0%,"",F209/ActivitySum!$C$1300) -> 0.00024002894 | J209: =IF(G209/ActivitySum!$C$1300=0%,"",G209/ActivitySum!$C$1300) -> 0.00020402633 | K209: =IFERROR(G209/E209,"") -> 0.8500072 | L209: =IFERROR(G209/F209,"") -> 0.8500072
B210: Div 09 | C210: A9740 | D210: Traffic Deck Coating Drive Way - B2 | E210: 138667 | F210: 138667 | G210: 117867 | H210: =IFERROR(F210/E210,"") -> 1 | I210: =IF(F210/ActivitySum!$C$1300=0%,"",F210/ActivitySum!$C$1300) -> 0.0015985828 | J210: =IF(G210/ActivitySum!$C$1300=0%,"",G210/ActivitySum!$C$1300) -> 0.001358796 | K210: =IFERROR(G210/E210,"") -> 0.85000036 | L210: =IFERROR(G210/F210,"") -> 0.85000036
C211: A9790 | D211: Traffic Marking Drive Way - B2 | E211: 138667 | F211: 138667 | G211: 117867 | H211: =IFERROR(F211/E211,"") -> 1 | I211: =IF(F211/ActivitySum!$C$1300=0%,"",F211/ActivitySum!$C$1300) -> 0.0015985828 | J211: =IF(G211/ActivitySum!$C$1300=0%,"",G211/ActivitySum!$C$1300) -> 0.001358796 | K211: =IFERROR(G211/E211,"") -> 0.85000036 | L211: =IFERROR(G211/F211,"") -> 0.85000036
C212: A9810 | D212: Traffic Deck Coating Drive Way - B1 | E212: 138667 | F212: 138667 | G212: 117867 | H212: =IFERROR(F212/E212,"") -> 1 | I212: =IF(F212/ActivitySum!$C$1300=0%,"",F212/ActivitySum!$C$1300) -> 0.0015985828 | J212: =IF(G212/ActivitySum!$C$1300=0%,"",G212/ActivitySum!$C$1300) -> 0.001358796 | K212: =IFERROR(G212/E212,"") -> 0.85000036 | L212: =IFERROR(G212/F212,"") -> 0.85000036
C213: A9840 | D213: Traffic Marking Drive Way - B1 | E213: 138666 | F213: 138667 | G213: 117867 | H213: =IFERROR(F213/E213,"") -> 1.0000072 | I213: =IF(F213/ActivitySum!$C$1300=0%,"",F213/ActivitySum!$C$1300) -> 0.0015985828 | J213: =IF(G213/ActivitySum!$C$1300=0%,"",G213/ActivitySum!$C$1300) -> 0.001358796 | K213: =IFERROR(G213/E213,"") -> 0.85000649 | L213: =IFERROR(G213/F213,"") -> 0.85000036
C214: C-FIN-ENVLP-9490 | D214: Fix Brackets for Natural Stone - GF to SRVF (Elev. 1 & 4) | E214: 107625 | F214: 107625 | G214: 91481 | H214: =IFERROR(F214/E214,"") -> 1 | I214: =IF(F214/ActivitySum!$C$1300=0%,"",F214/ActivitySum!$C$1300) -> 0.001240724 | J214: =IF(G214/ActivitySum!$C$1300=0%,"",G214/ActivitySum!$C$1300) -> 0.0010546125 | K214: =IFERROR(G214/E214,"") -> 0.84999768 | L214: =IFERROR(G214/F214,"") -> 0.84999768
C215: C-FIN-ENVLP-9510 | D215: Fix Natural Stone All types- GF to SRVF (Elev. 1 & 4) | E215: 968627 | F215: 968625 | G215: 823331 | H215: =IFERROR(F215/E215,"") -> 0.99999794 | I215: =IF(F215/ActivitySum!$C$1300=0%,"",F215/ActivitySum!$C$1300) -> 0.011166516 | J215: =IF(G215/ActivitySum!$C$1300=0%,"",G215/ActivitySum!$C$1300) -> 0.0094915359 | K215: =IFERROR(G215/E215,"") -> 0.84999799 | L215: =IFERROR(G215/F215,"") -> 0.84999974
C216: C-FIN-ENVLP-9610 | D216: Fix Wooden Decorarive Features (Elev. 1 & 4) | E216: 104055 | F216: 104055 | G216: 88447 | H216: =IFERROR(F216/E216,"") -> 1 | I216: =IF(F216/ActivitySum!$C$1300=0%,"",F216/ActivitySum!$C$1300) -> 0.0011995683 | J216: =IF(G216/ActivitySum!$C$1300=0%,"",G216/ActivitySum!$C$1300) -> 0.0010196359 | K216: =IFERROR(G216/E216,"") -> 0.8500024 | L216: =IFERROR(G216/F216,"") -> 0.8500024
C217: C-FIN-ENVLP-9730 | D217: External Plaster - GF to SRVF (Elev. 1 & 4) | E217: 1822 | F217: 1823 | G217: 1550 | H217: =IFERROR(F217/E217,"") -> 1.0005488 | I217: =IF(F217/ActivitySum!$C$1300=0%,"",F217/ActivitySum!$C$1300) -> 2.1015934e-05 | J217: =IF(G217/ActivitySum!$C$1300=0%,"",G217/ActivitySum!$C$1300) -> 1.7868732e-05 | K217: =IFERROR(G217/E217,"") -> 0.8507135 | L217: =IFERROR(G217/F217,"") -> 0.85024685
C218: Z1-C-FIN-10050 | D218: Anti Fungal Paint - Z1 - F1 | E218: 8946 | F218: 8946 | G218: 7604 | H218: =IFERROR(F218/E218,"") -> 1 | I218: =IF(F218/ActivitySum!$C$1300=0%,"",F218/ActivitySum!$C$1300) -> 0.0001031314 | J218: =IF(G218/ActivitySum!$C$1300=0%,"",G218/ActivitySum!$C$1300) -> 8.7660539e-05 | K218: =IFERROR(G218/E218,"") -> 0.84998882 | L218: =IFERROR(G218/F218,"") -> 0.84998882
C219: Z1-C-FIN-10130 | D219: Plaster Works Wet Area - Z1 - F2 | E219: 39011 | F219: 39011 | G219: 33160 | H219: =IFERROR(F219/E219,"") -> 1 | I219: =IF(F219/ActivitySum!$C$1300=0%,"",F219/ActivitySum!$C$1300) -> 0.00044972715 | J219: =IF(G219/ActivitySum!$C$1300=0%,"",G219/ActivitySum!$C$1300) -> 0.00038227557 | K219: =IFERROR(G219/E219,"") -> 0.85001666 | L219: =IFERROR(G219/F219,"") -> 0.85001666
C220: Z1-C-FIN-10180 | D220: Fix False Ceiling Suspension Lift Lobby - Z1 - F2 | E220: 24288 | F220: 24288 | G220: 23741 | H220: =IFERROR(F220/E220,"") -> 1 | I220: =IF(F220/ActivitySum!$C$1300=0%,"",F220/ActivitySum!$C$1300) -> 0.00027999726 | J220: =IF(G220/ActivitySum!$C$1300=0%,"",G220/ActivitySum!$C$1300) -> 0.00027369133 | K220: =IFERROR(G220/E220,"") -> 0.97747859 | L220: =IFERROR(G220/F220,"") -> 0.97747859
C221: Z1-C-FIN-10190 | D221: Wall Paint (Emulsion) Lobby Passage & Offices - Z1 - F2 | E221: 10000 | F221: 10000 | G221: 6545 | H221: =IFERROR(F221/E221,"") -> 1 | I221: =IF(F221/ActivitySum!$C$1300=0%,"",F221/ActivitySum!$C$1300) -> 0.00011528214 | J221: =IF(G221/ActivitySum!$C$1300=0%,"",G221/ActivitySum!$C$1300) -> 7.545216e-05 | K221: =IFERROR(G221/E221,"") -> 0.6545 | L221: =IFERROR(G221/F221,"") -> 0.6545
C222: Z1-C-FIN-10200 | D222: Porcelain Floor Tiles Passage & Offices - Z1 - F2 | E222: 208302 | F222: 208302 | G222: 177057 | H222: =IFERROR(F222/E222,"") -> 1 | I222: =IF(F222/ActivitySum!$C$1300=0%,"",F222/ActivitySum!$C$1300) -> 0.00240135 | J222: =IF(G222/ActivitySum!$C$1300=0%,"",G222/ActivitySum!$C$1300) -> 0.002041151 | K222: =IFERROR(G222/E222,"") -> 0.85000144 | L222: =IFERROR(G222/F222,"") -> 0.85000144
... C345: Z1-C-GRBCH-9470 | D345: Install Garbage Chute Bottom Unit with All Provisions | E345: 16800 | F345: 16800 | G345: 14280 | H345: =IFERROR(F345/E345,"") -> 1 | I345: =IF(F345/ActivitySum!$C$1300=0%,"",F345/ActivitySum!$C$1300) -> 0.00019367399 | J345: =IF(G345/ActivitySum!$C$1300=0%,"",G345/ActivitySum!$C$1300) -> 0.00016462289 | K345: =IFERROR(G345/E345,"") -> 0.85 | L345: =IFERROR(G345/F345,"") -> 0.85
B346: Div 10 | C346: A9670 | D346: Casting Service Manholes | E346: 78300 | F346: 78300 | G346: 66555 | H346: =IFERROR(F346/E346,"") -> 1 | I346: =IF(F346/ActivitySum!$C$1300=0%,"",F346/ActivitySum!$C$1300) -> 0.00090265915 | J346: =IF(G346/ActivitySum!$C$1300=0%,"",G346/ActivitySum!$C$1300) -> 0.00076726028 | K346: =IFERROR(G346/E346,"") -> 0.85 | L346: =IFERROR(G346/F346,"") -> 0.85
C347: Z123-C-FIN-18500 | D347: Fix Rain Water Outlets - Z123 - TRF | E347: 6000 | F347: 6000 | G347: 5100 | H347: =IFERROR(F347/E347,"") -> 1 | I347: =IF(F347/ActivitySum!$C$1300=0%,"",F347/ActivitySum!$C$1300) -> 6.9169284e-05 | J347: =IF(G347/ActivitySum!$C$1300=0%,"",G347/ActivitySum!$C$1300) -> 5.8793891e-05 | K347: =IFERROR(G347/E347,"") -> 0.85 | L347: =IFERROR(G347/F347,"") -> 0.85
C348: Z1-C-CON-2540 | D348: Fix MEP Provisions - Z1 - Raft | E348: 21000 | F348: 21000 | G348: 4463 | H348: =IFERROR(F348/E348,"") -> 1 | I348: =IF(F348/ActivitySum!$C$1300=0%,"",F348/ActivitySum!$C$1300) -> 0.00024209249 | J348: =IF(G348/ActivitySum!$C$1300=0%,"",G348/ActivitySum!$C$1300) -> 5.1450419e-05 | K348: =IFERROR(G348/E348,"") -> 0.21252381 | L348: =IFERROR(G348/F348,"") -> 0.21252381
C349: Z1-C-FIN-6250 | D349: Fix Pump - Z1 - B2 | E349: 36876 | F349: 36875 | G349: 5531 | H349: =IFERROR(F349/E349,"") -> 0.99997288 | I349: =IF(F349/ActivitySum!$C$1300=0%,"",F349/ActivitySum!$C$1300) -> 0.00042510289 | J349: =IF(G349/ActivitySum!$C$1300=0%,"",G349/ActivitySum!$C$1300) -> 6.3762551e-05 | K349: =IFERROR(G349/E349,"") -> 0.14998915 | L349: =IFERROR(G349/F349,"") -> 0.14999322
C350: Z1-C-FIN-6260 | D350: Fix Final Connections of Pumps with Risers - Z1 - B2 | E350: 36875 | F350: 36875 | G350: 20687 | H350: =IFERROR(F350/E350,"") -> 1 | I350: =IF(F350/ActivitySum!$C$1300=0%,"",F350/ActivitySum!$C$1300) -> 0.00042510289 | J350: =IF(G350/ActivitySum!$C$1300=0%,"",G350/ActivitySum!$C$1300) -> 0.00023848416 | K350: =IFERROR(G350/E350,"") -> 0.56100339 | L350: =IFERROR(G350/F350,"") -> 0.56100339
C351: Z1-C-FIN-8750 | D351: Fix Electric Pump Fire Pump Room - Z1 - GF | E351: 220779 | F351: 220780 | G351: 187663 | H351: =IFERROR(F351/E351,"") -> 1.0000045 | I351: =IF(F351/ActivitySum!$C$1300=0%,"",F351/ActivitySum!$C$1300) -> 0.0025451991 | J351: =IF(G351/ActivitySum!$C$1300=0%,"",G351/ActivitySum!$C$1300) -> 0.0021634192 | K351: =IFERROR(G351/E351,"") -> 0.85000385 | L351: =IFERROR(G351/F351,"") -> 0.85
C352: Z1-C-FIN-8760 | D352: Fix Final Connections with Risers Fire Pump Room - Z1 - GF | E352: 36875 | F352: 36875 | G352: 31344 | H352: =IFERROR(F352/E352,"") -> 1 | I352: =IF(F352/ActivitySum!$C$1300=0%,"",F352/ActivitySum!$C$1300) -> 0.00042510289 | J352: =IF(G352/ActivitySum!$C$1300=0%,"",G352/ActivitySum!$C$1300) -> 0.00036134034 | K352: =IFERROR(G352/E352,"") -> 0.85000678 | L352: =IFERROR(G352/F352,"") -> 0.85000678
C353: Z1-C-FIN-9310 | D353: Fix Diesel Pump Fire Pump Room- Z1 - GF | E353: 220780 | F353: 220779 | G353: 187662 | H353: =IFERROR(F353/E353,"") -> 0.99999547 | I353: =IF(F353/ActivitySum!$C$1300=0%,"",F353/ActivitySum!$C$1300) -> 0.0025451875 | J353: =IF(G353/ActivitySum!$C$1300=0%,"",G353/ActivitySum!$C$1300) -> 0.0021634077 | K353: =IFERROR(G353/E353,"") -> 0.84999547 | L353: =IFERROR(G353/F353,"") -> 0.84999932
